--==========================================================================================================================
											-- NAMED PLACES --
--==========================================================================================================================
-- Types
--------------------------------------------------------------------
REPLACE INTO Types
		(Type,										Kind)
VALUES  ("NAMED_LAKE_WIVENHOE",						"KIND_NAMED_LAKE"),
		("NAMED_RIVER_GUDENA",						"KIND_NAMED_RIVER"),
		("NAMED_RIVER_KONGEAEN",					"KIND_NAMED_RIVER"),
		("NAMED_RIVER_ODENSE",						"KIND_NAMED_RIVER"),
		("NAMED_RIVER_POLEA",						"KIND_NAMED_RIVER"),
		("NAMED_RIVER_VARDE",						"KIND_NAMED_RIVER"),
		("NAMED_RIVER_SUSA",						"KIND_NAMED_RIVER"),
		("NAMED_RIVER_VEJLE",						"KIND_NAMED_RIVER"),
		("NAMED_MOUNTAIN_MOLLEHOJ",					"KIND_NAMED_MOUNTAIN"),
		("NAMED_MOUNTAIN_YDING",					"KIND_NAMED_MOUNTAIN"),
		("NAMED_MOUNTAIN_EJER",						"KIND_NAMED_MOUNTAIN"),
		("NAMED_MOUNTAIN_LINDBJERG",				"KIND_NAMED_MOUNTAIN"),
		("NAMED_MOUNTAIN_MARGRETELYST",				"KIND_NAMED_MOUNTAIN"),
		("NAMED_MOUNTAIN_VISTOFTE",					"KIND_NAMED_MOUNTAIN"),
		("NAMED_MOUNTAIN_RYTTERKNAEGTEN",			"KIND_NAMED_MOUNTAIN"),
		("NAMED_MOUNTAIN_HIMMELBJERGET",			"KIND_NAMED_MOUNTAIN"),
		("NAMED_MOUNTAIN_ABORREBJERG",				"KIND_NAMED_MOUNTAIN"),
		("NAMED_LAKE_ARRESO",						"KIND_NAMED_LAKE"),
		("NAMED_LAKE_ESRUM",						"KIND_NAMED_LAKE"),
		("NAMED_LAKE_STADIL",						"KIND_NAMED_LAKE"),
		("NAMED_LAKE_MOSSO",						"KIND_NAMED_LAKE"),
		("NAMED_LAKE_SALTBAEK",						"KIND_NAMED_LAKE"),
		("NAMED_LAKE_TISSO",						"KIND_NAMED_LAKE"),
		("NAMED_LAKE_FURESO",						"KIND_NAMED_LAKE"),
		("NAMED_LAKE_SKANDERBORG",					"KIND_NAMED_LAKE"),
		("NAMED_SEA_ORESUND",						"KIND_NAMED_SEA"),
		("NAMED_RIVER_KEMIJOKI",					"KIND_NAMED_RIVER"),
		("NAMED_RIVER_IIJOKI",						"KIND_NAMED_RIVER"),
		("NAMED_RIVER_OUNASJOKI",					"KIND_NAMED_RIVER"),
		("NAMED_RIVER_KITINEN",						"KIND_NAMED_RIVER"),
		("NAMED_RIVER_LUIRO",						"KIND_NAMED_RIVER"),
		("NAMED_RIVER_KYMI",						"KIND_NAMED_RIVER"),
		("NAMED_RIVER_SIMOJOKI",					"KIND_NAMED_RIVER"),
		("NAMED_RIVER_MUONIO",						"KIND_NAMED_RIVER"),
		("NAMED_RIVER_VUOKSI",						"KIND_NAMED_RIVER"),
		("NAMED_MOUNTAIN_KARELIDES",				"KIND_NAMED_MOUNTAIN"),
		("NAMED_VOLCANO_AITOLAHTI",					"KIND_NAMED_VOLCANO"),
		("NAMED_LAKE_ROINE",						"KIND_NAMED_LAKE"),
		("NAMED_LAKE_PAIJANNE",						"KIND_NAMED_LAKE"),
		("NAMED_LAKE_INARI",						"KIND_NAMED_LAKE"),
		("NAMED_LAKE_OULUJARVI",					"KIND_NAMED_LAKE"),
		("NAMED_LAKE_PIELINEN",						"KIND_NAMED_LAKE"),
		("NAMED_LAKE_PIHLAJAVESI",					"KIND_NAMED_LAKE"),
		("NAMED_LAKE_NASIJARVI",					"KIND_NAMED_LAKE"),
		("NAMED_LAKE_KALLAVESI",					"KIND_NAMED_LAKE"),
		("NAMED_LAKE_ORIVESI",						"KIND_NAMED_LAKE"),
		("NAMED_LAKE_HAUKIVESI",					"KIND_NAMED_LAKE"),
		("NAMED_LAKE_PYHASELKA",					"KIND_NAMED_LAKE"),
		("NAMED_LAKE_PUULA",						"KIND_NAMED_LAKE"),
		("NAMED_LAKE_HOYTIANEN",					"KIND_NAMED_LAKE"),
		("NAMED_RIVER_THJORSA",						"KIND_NAMED_RIVER"),
		("NAMED_RIVER_HVITA",						"KIND_NAMED_RIVER"),
		("NAMED_RIVER_FNJOSKA",						"KIND_NAMED_RIVER"),
		("NAMED_RIVER_KUTHAFLJOT",					"KIND_NAMED_RIVER"),
		("NAMED_RIVER_SKJALFANDAFLJOT",				"KIND_NAMED_RIVER"),
		("NAMED_RIVER_JOKULSA_A_FJOLLUM",			"KIND_NAMED_RIVER"),
		("NAMED_RIVER_JOKULSA_A_DAL",				"KIND_NAMED_RIVER"),
		("NAMED_MOUNTAIN_ESJAN",					"KIND_NAMED_MOUNTAIN"),
		("NAMED_MOUNTAIN_HOFSJOKULL",				"KIND_NAMED_MOUNTAIN"),
		("NAMED_MOUNTAIN_VATNAJOKULL",				"KIND_NAMED_MOUNTAIN"),
		("NAMED_MOUNTAIN_LANGJOKULL",				"KIND_NAMED_MOUNTAIN"),
		("NAMED_MOUNTAIN_MYRDALSJOKULL",			"KIND_NAMED_MOUNTAIN"),
		("NAMED_MOUNTAIN_LANDMANNALAUGAR",			"KIND_NAMED_MOUNTAIN"),
		("NAMED_VOLCANO_HEKLA",						"KIND_NAMED_VOLCANO"),
		("NAMED_VOLCANO_BARTHARBUNGA",				"KIND_NAMED_VOLCANO"),
		("NAMED_VOLCANO_KATLA",						"KIND_NAMED_VOLCANO"),
		("NAMED_VOLCANO_KRAFLA_CALDERA",			"KIND_NAMED_VOLCANO"),
		("NAMED_VOLCANO_ASKJA_CALDERA",				"KIND_NAMED_VOLCANO"),
		("NAMED_VOLCANO_ELDFELL",					"KIND_NAMED_VOLCANO"),
		("NAMED_VOLCANO_THRIHNJUKAGIGUR",			"KIND_NAMED_VOLCANO"),
		("NAMED_LAKE_THINGVALLAVATN",				"KIND_NAMED_LAKE"),
		("NAMED_LAKE_MYVATN",						"KIND_NAMED_LAKE"),
		("NAMED_LAKE_KERITH",						"KIND_NAMED_LAKE"),
		("NAMED_LAKE_OSKJUVATN",					"KIND_NAMED_LAKE"),
		("NAMED_LAKE_JOKULSARLON",					"KIND_NAMED_LAKE"),
		("NAMED_LAKE_LAGARFLJOT",					"KIND_NAMED_LAKE"),
		("NAMED_LAKE_HVITARVATN",					"KIND_NAMED_LAKE"),
		("NAMED_SEA_BAKKAFLOI",						"KIND_NAMED_SEA"),
		("NAMED_SEA_FAXAFLOI",						"KIND_NAMED_SEA"),
		("NAMED_SEA_GRUNNAVIK",						"KIND_NAMED_SEA"),
		("NAMED_SEA_HERADSFLOI",					"KIND_NAMED_SEA"),
		("NAMED_SEA_HUNAFLOI",						"KIND_NAMED_SEA"),
		("NAMED_SEA_THISTILFJORTHUR",				"KIND_NAMED_SEA"),
		("NAMED_SEA_BREITHAFJORTHUR",				"KIND_NAMED_SEA"),
		("NAMED_SEA_ISAFJARTHARDJUP",				"KIND_NAMED_SEA"),
		("NAMED_SEA_SKAGAFJORTHUR",					"KIND_NAMED_SEA"),
		("NAMED_SEA_EYJAFJORTHUR",					"KIND_NAMED_SEA"),
		("NAMED_RIVER_MANGOKY",						"KIND_NAMED_RIVER"),
		("NAMED_RIVER_ONILAHY",						"KIND_NAMED_RIVER"),
		("NAMED_RIVER_BETSIBOKA",					"KIND_NAMED_RIVER"),
		("NAMED_RIVER_MATSIATRA",					"KIND_NAMED_RIVER"),
		("NAMED_RIVER_MANAMBOLO",					"KIND_NAMED_RIVER"),
		("NAMED_RIVER_MANANANTANANA",				"KIND_NAMED_RIVER"),
		("NAMED_RIVER_IKOSY",						"KIND_NAMED_RIVER"),
		("NAMED_RIVER_TSIRIBIHINA",					"KIND_NAMED_RIVER"),
		("NAMED_MOUNTAIN_TSARATANANA",				"KIND_NAMED_MOUNTAIN"),
		("NAMED_MOUNTAIN_ANKARATRA",				"KIND_NAMED_MOUNTAIN"),
		("NAMED_MOUNTAIN_ANDRINGITRA",				"KIND_NAMED_MOUNTAIN"),
		("NAMED_MOUNTAIN_LAVASOA",					"KIND_NAMED_MOUNTAIN"),
		("NAMED_VOLCANO_BOBAOMBY",					"KIND_NAMED_VOLCANO"),
		("NAMED_VOLCANO_ANKAIZINA",					"KIND_NAMED_VOLCANO"),
		("NAMED_VOLCANO_ANKARATRA",					"KIND_NAMED_VOLCANO"),
		("NAMED_VOLCANO_ITASY",						"KIND_NAMED_VOLCANO"),
		("NAMED_VOLCANO_NOSYBE",					"KIND_NAMED_VOLCANO"),
		("NAMED_LAKE_ALAOTRA",						"KIND_NAMED_LAKE"),
		("NAMED_LAKE_ANOSY",						"KIND_NAMED_LAKE"),
		("NAMED_LAKE_IHOTRY",						"KIND_NAMED_LAKE"),
		("NAMED_LAKE_KINKONY",						"KIND_NAMED_LAKE"),
		("NAMED_LAKE_MANDRAKA",						"KIND_NAMED_LAKE"),
		("NAMED_LAKE_MANTASOA",						"KIND_NAMED_LAKE"),
		("NAMED_LAKE_TRITRIVA",						"KIND_NAMED_LAKE"),
		("NAMED_LAKE_TSIMANAPETSOTSOA",				"KIND_NAMED_LAKE"),
		("NAMED_SEA_AMBARO_BAY",					"KIND_NAMED_SEA"),
		("NAMED_SEA_BAIE_ANDOVOBATOFOTSY",			"KIND_NAMED_SEA"),
		("NAMED_SEA_BAIE_ANDOVOBAZAHA",				"KIND_NAMED_SEA"),
		("NAMED_SEA_BAIE_DE_BALY",					"KIND_NAMED_SEA"),
		("NAMED_SEA_BAIE_DE_TINTINGUE",				"KIND_NAMED_SEA"),
		("NAMED_SEA_BAY_OF_LAKY",					"KIND_NAMED_SEA"),
		("NAMED_SEA_BEFOTAKA_BAY",					"KIND_NAMED_SEA"),
		("NAMED_SEA_HELODRANO_ANTONGILA_BAY",		"KIND_NAMED_SEA"),
		("NAMED_SEA_HELODRANO_MAHAJAMBE",			"KIND_NAMED_SEA"),
		("NAMED_SEA_HELODRANO_NARINDA",				"KIND_NAMED_SEA"),
		("NAMED_VOLCANO_LOWER_CHINDWIN",			"KIND_NAMED_VOLCANO"),
		("NAMED_VOLCANO_MOUNT_POPA",				"KIND_NAMED_VOLCANO"),
		("NAMED_VOLCANO_TAUNGTHONTON",				"KIND_NAMED_VOLCANO"),
		("NAMED_RIVER_MURES",						"KIND_NAMED_RIVER"),
		("NAMED_RIVER_OLT",							"KIND_NAMED_RIVER"),
		("NAMED_RIVER_SIRET",						"KIND_NAMED_RIVER"),
		("NAMED_RIVER_IALOMITA",					"KIND_NAMED_RIVER"),
		("NAMED_RIVER_SOMES",						"KIND_NAMED_RIVER"),
		("NAMED_RIVER_ARGES",						"KIND_NAMED_RIVER"),
		("NAMED_RIVER_JIU",							"KIND_NAMED_RIVER"),
		("NAMED_RIVER_BUZAU",						"KIND_NAMED_RIVER"),
		("NAMED_RIVER_DAMBOVITA",					"KIND_NAMED_RIVER"),
		("NAMED_MOUNTAIN_ALMAJ",		 			"KIND_NAMED_MOUNTAIN"),
		("NAMED_MOUNTAIN_BIHOR",					"KIND_NAMED_MOUNTAIN"),
		("NAMED_MOUNTAIN_BUCEGI",					"KIND_NAMED_MOUNTAIN"),
		("NAMED_MOUNTAIN_FAGARAS",					"KIND_NAMED_MOUNTAIN"),
		("NAMED_MOUNTAIN_GODEANU",					"KIND_NAMED_MOUNTAIN"),
		("NAMED_MOUNTAIN_RETEZAT",	 				"KIND_NAMED_MOUNTAIN"),
		("NAMED_MOUNTAIN_VRANCEA",	 				"KIND_NAMED_MOUNTAIN"),
		("NAMED_MOUNTAIN_SUREANU",	 				"KIND_NAMED_MOUNTAIN"),
		("NAMED_MOUNTAIN_TARCU",		 			"KIND_NAMED_MOUNTAIN"),
		("NAMED_VOLCANO_CIOMADUL",					"KIND_NAMED_VOLCANO"),
		("NAMED_LAKE_BALEA",						"KIND_NAMED_LAKE"),
		("NAMED_LAKE_BUCURA",						"KIND_NAMED_LAKE"),
		("NAMED_LAKE_RAZIM",						"KIND_NAMED_LAKE"),
		("NAMED_LAKE_ROSU",							"KIND_NAMED_LAKE"),
		("NAMED_LAKE_TAUL_TAPULUI",					"KIND_NAMED_LAKE");
--------------------------------------------------------------------
-- NamedRivers
--------------------------------------------------------------------
REPLACE INTO NamedRivers
		(NamedRiverType,							Name)
VALUES	("NAMED_RIVER_GUDENA",						"LOC_NAMED_RIVER_GUDENA_NAME"),
		("NAMED_RIVER_KONGEAEN",					"LOC_NAMED_RIVER_KONGEAEN_NAME"),
		("NAMED_RIVER_ODENSE",						"LOC_NAMED_RIVER_ODENSE_NAME"),
		("NAMED_RIVER_POLEA",						"LOC_NAMED_RIVER_POLEA_NAME"),
		("NAMED_RIVER_VARDE",						"LOC_NAMED_RIVER_VARDE_NAME"),
		("NAMED_RIVER_SUSA",						"LOC_NAMED_RIVER_SUSA_NAME"),
		("NAMED_RIVER_VEJLE",						"LOC_NAMED_RIVER_VEJLE_NAME"),
		("NAMED_RIVER_KEMIJOKI",					"LOC_NAMED_RIVER_KEMIJOKI_NAME"),
		("NAMED_RIVER_IIJOKI",						"LOC_NAMED_RIVER_IIJOKI_NAME"),
		("NAMED_RIVER_OUNASJOKI",					"LOC_NAMED_RIVER_OUNASJOKI_NAME"),
		("NAMED_RIVER_KITINEN",						"LOC_NAMED_RIVER_KITINEN_NAME"),
		("NAMED_RIVER_LUIRO",						"LOC_NAMED_RIVER_LUIRO_NAME"),
		("NAMED_RIVER_KYMI",						"LOC_NAMED_RIVER_KYMI_NAME"),
		("NAMED_RIVER_SIMOJOKI",					"LOC_NAMED_RIVER_SIMOJOKI_NAME"),
		("NAMED_RIVER_MUONIO",						"LOC_NAMED_RIVER_MUONIO_NAME"),
		("NAMED_RIVER_VUOKSI",						"LOC_NAMED_RIVER_VUOKSI_NAME"),
		("NAMED_RIVER_THJORSA",						"LOC_NAMED_RIVER_THJORSA_NAME"),
		("NAMED_RIVER_HVITA",						"LOC_NAMED_RIVER_HVITA_NAME"),
		("NAMED_RIVER_FNJOSKA",						"LOC_NAMED_RIVER_FNJOSKA_NAME"),
		("NAMED_RIVER_KUTHAFLJOT",					"LOC_NAMED_RIVER_KUTHAFLJOT_NAME"),
		("NAMED_RIVER_SKJALFANDAFLJOT",				"LOC_NAMED_RIVER_SKJALFANDAFLJOT_NAME"),
		("NAMED_RIVER_JOKULSA_A_FJOLLUM",			"LOC_NAMED_RIVER_JOKULSA_A_FJOLLUM_NAME"),
		("NAMED_RIVER_JOKULSA_A_DAL",				"LOC_NAMED_RIVER_JOKULSA_A_DAL_NAME"),
		("NAMED_RIVER_MANGOKY",						"LOC_NAMED_RIVER_MANGOKY_NAME"),
		("NAMED_RIVER_ONILAHY",						"LOC_NAMED_RIVER_ONILAHY_NAME"),
		("NAMED_RIVER_BETSIBOKA",					"LOC_NAMED_RIVER_BETSIBOKA_NAME"),
		("NAMED_RIVER_MATSIATRA",					"LOC_NAMED_RIVER_MATSIATRA_NAME"),
		("NAMED_RIVER_MANAMBOLO",					"LOC_NAMED_RIVER_MANAMBOLO_NAME"),
		("NAMED_RIVER_MANANANTANANA",				"LOC_NAMED_RIVER_MANANANTANANA_NAME"),
		("NAMED_RIVER_IKOSY",						"LOC_NAMED_RIVER_IKOSY_NAME"),
		("NAMED_RIVER_TSIRIBIHINA",					"LOC_NAMED_RIVER_TSIRIBIHINA_NAME"),
		("NAMED_RIVER_MURES",						"LOC_NAMED_RIVER_MURES_NAME"),
		("NAMED_RIVER_OLT",							"LOC_NAMED_RIVER_OLT_NAME"),
		("NAMED_RIVER_SIRET",						"LOC_NAMED_RIVER_SIRET_NAME"),
		("NAMED_RIVER_IALOMITA",					"LOC_NAMED_RIVER_IALOMITA_NAME"),
		("NAMED_RIVER_SOMES",						"LOC_NAMED_RIVER_SOMES_NAME"),
		("NAMED_RIVER_ARGES",						"LOC_NAMED_RIVER_ARGES_NAME"),
		("NAMED_RIVER_JIU",							"LOC_NAMED_RIVER_JIU_NAME"),
		("NAMED_RIVER_BUZAU",						"LOC_NAMED_RIVER_BUZAU_NAME"),
		("NAMED_RIVER_DAMBOVITA",					"LOC_NAMED_RIVER_DAMBOVITA_NAME");
--------------------------------------------------------------------
-- NamedRiverCivilizations
--------------------------------------------------------------------
REPLACE INTO NamedRiverCivilizations
		(NamedRiverType,							CivilizationType)
VALUES	("NAMED_RIVER_BRISBANE_RIVER",				"CIVILIZATION_AUSTRALIA"),
		("NAMED_RIVER_COOPER_CREEK",				"CIVILIZATION_AUSTRALIA"),
		("NAMED_RIVER_DARLING",						"CIVILIZATION_AUSTRALIA"),
		("NAMED_RIVER_HUTT_RIVER",					"CIVILIZATION_AUSTRALIA"),
		("NAMED_RIVER_MURRAY",						"CIVILIZATION_AUSTRALIA"),
		("NAMED_RIVER_MURRUMBIDGEE",				"CIVILIZATION_AUSTRALIA"),
		("NAMED_RIVER_PAROO_RIVER",					"CIVILIZATION_AUSTRALIA"),
		("NAMED_RIVER_WARREGO_RIVER",				"CIVILIZATION_AUSTRALIA"),
		("NAMED_RIVER_AMUR",						"CIVILIZATION_CHINA_PRC"),
		("NAMED_RIVER_HAI",							"CIVILIZATION_CHINA_PRC"),
		("NAMED_RIVER_PEARL",						"CIVILIZATION_CHINA_PRC"),
		("NAMED_RIVER_SALWEEN",						"CIVILIZATION_CHINA_PRC"),
		("NAMED_RIVER_SONGHUA_RIVER",				"CIVILIZATION_CHINA_PRC"),
		("NAMED_RIVER_TARIM",						"CIVILIZATION_CHINA_PRC"),
		("NAMED_RIVER_WEI",							"CIVILIZATION_CHINA_PRC"),
		("NAMED_RIVER_YANGTZE",						"CIVILIZATION_CHINA_PRC"),
		("NAMED_RIVER_YELLOW",						"CIVILIZATION_CHINA_PRC"),
		("NAMED_RIVER_GUDENA",						"CIVILIZATION_DENMARK"),
		("NAMED_RIVER_KONGEAEN",					"CIVILIZATION_DENMARK"),
		("NAMED_RIVER_ODENSE",						"CIVILIZATION_DENMARK"),
		("NAMED_RIVER_POLEA",						"CIVILIZATION_DENMARK"),
		("NAMED_RIVER_VARDE",						"CIVILIZATION_DENMARK"),
		("NAMED_RIVER_SUSA",						"CIVILIZATION_DENMARK"),
		("NAMED_RIVER_VEJLE",						"CIVILIZATION_DENMARK"),
		("NAMED_RIVER_AWASH_RIVER",					"CIVILIZATION_ETHIOPIA"),
		("NAMED_RIVER_BARO_RIVER",					"CIVILIZATION_ETHIOPIA"),
		("NAMED_RIVER_BLUE_NILE_RIVER",				"CIVILIZATION_ETHIOPIA"),
		("NAMED_RIVER_DAWA_RIVER",					"CIVILIZATION_ETHIOPIA"),
		("NAMED_RIVER_GANALE_DORYA_RIVER",			"CIVILIZATION_ETHIOPIA"),
		("NAMED_RIVER_SHEBELLE_RIVER",				"CIVILIZATION_ETHIOPIA"),
		("NAMED_RIVER_KEMIJOKI",					"CIVILIZATION_FINLAND"),
		("NAMED_RIVER_IIJOKI",						"CIVILIZATION_FINLAND"),
		("NAMED_RIVER_OUNASJOKI",					"CIVILIZATION_FINLAND"),
		("NAMED_RIVER_KITINEN",						"CIVILIZATION_FINLAND"),
		("NAMED_RIVER_LUIRO",						"CIVILIZATION_FINLAND"),
		("NAMED_RIVER_KYMI",						"CIVILIZATION_FINLAND"),
		("NAMED_RIVER_SIMOJOKI",					"CIVILIZATION_FINLAND"),
		("NAMED_RIVER_MUONIO",						"CIVILIZATION_FINLAND"),
		("NAMED_RIVER_VUOKSI",						"CIVILIZATION_FINLAND"),
		("NAMED_RIVER_LOIRE",						"CIVILIZATION_FRANCE"),
		("NAMED_RIVER_MEUSE",						"CIVILIZATION_FRANCE"),
		("NAMED_RIVER_RHINE",						"CIVILIZATION_FRANCE"),
		("NAMED_RIVER_RHONE",						"CIVILIZATION_FRANCE"),
		("NAMED_RIVER_SEINE",						"CIVILIZATION_FRANCE"),
		("NAMED_RIVER_DANUBE",						"CIVILIZATION_GERMANY"),
		("NAMED_RIVER_ELBE",						"CIVILIZATION_GERMANY"),
		("NAMED_RIVER_ODER",						"CIVILIZATION_GERMANY"),
		("NAMED_RIVER_RHINE",						"CIVILIZATION_GERMANY"),
		("NAMED_RIVER_WESER_RIVER",					"CIVILIZATION_GERMANY"),
		("NAMED_RIVER_THJORSA",						"CIVILIZATION_ICELAND"),
		("NAMED_RIVER_HVITA",						"CIVILIZATION_ICELAND"),
		("NAMED_RIVER_FNJOSKA",						"CIVILIZATION_ICELAND"),
		("NAMED_RIVER_KUTHAFLJOT",					"CIVILIZATION_ICELAND"),
		("NAMED_RIVER_SKJALFANDAFLJOT",				"CIVILIZATION_ICELAND"),
		("NAMED_RIVER_JOKULSA_A_FJOLLUM",			"CIVILIZATION_ICELAND"),
		("NAMED_RIVER_JOKULSA_A_DAL",				"CIVILIZATION_ICELAND"),
		("NAMED_RIVER_BRAHMAPUTRA",					"CIVILIZATION_INDIA"),
		("NAMED_RIVER_GANGES",						"CIVILIZATION_INDIA"),
		("NAMED_RIVER_GODAVARI",					"CIVILIZATION_INDIA"),
		("NAMED_RIVER_INDUS",						"CIVILIZATION_INDIA"),
		("NAMED_RIVER_KAVERI_RIVER",				"CIVILIZATION_INDIA"),
		("NAMED_RIVER_KSHIPRA_RIVER",				"CIVILIZATION_INDIA"),
		("NAMED_RIVER_NARMADA_RIVER",				"CIVILIZATION_INDIA"),
		("NAMED_RIVER_SARASWATI",					"CIVILIZATION_INDIA"),
		("NAMED_RIVER_YAMUNA_RIVER",				"CIVILIZATION_INDIA"),
		("NAMED_RIVER_AYUNG_RIVER",					"CIVILIZATION_INDONESIA"),
		("NAMED_RIVER_BARITO_RIVER",				"CIVILIZATION_INDONESIA"),
		("NAMED_RIVER_BATANGHARI_RIVER",			"CIVILIZATION_INDONESIA"),
		("NAMED_RIVER_BENGAWAN_SOLO_RIVER",			"CIVILIZATION_INDONESIA"),
		("NAMED_RIVER_KAPUAS",						"CIVILIZATION_INDONESIA"),
		("NAMED_RIVER_MAHAKAM_RIVER",				"CIVILIZATION_INDONESIA"),
		("NAMED_RIVER_MAMBERAMO_RIVER",				"CIVILIZATION_INDONESIA"),
		("NAMED_RIVER_MUSI_RIVER",					"CIVILIZATION_INDONESIA"),
		("NAMED_RIVER_DIYALA_RIVER",				"CIVILIZATION_IRAQ"),
		("NAMED_RIVER_EUPHRATES",					"CIVILIZATION_IRAQ"),
		("NAMED_RIVER_GREAT_ZAB_RIVER",				"CIVILIZATION_IRAQ"),
		("NAMED_RIVER_TIGRIS",						"CIVILIZATION_IRAQ"),
		("NAMED_RIVER_ARNO_RIVER",					"CIVILIZATION_ITALY"),
		("NAMED_RIVER_OFANTO_RIVER",				"CIVILIZATION_ITALY"),
		("NAMED_RIVER_PO",							"CIVILIZATION_ITALY"),
		("NAMED_RIVER_RUBICON",						"CIVILIZATION_ITALY"),
		("NAMED_RIVER_TIBER",						"CIVILIZATION_ITALY"),
		("NAMED_RIVER_ABUKUMA_RIVER",				"CIVILIZATION_JAPAN"),
		("NAMED_RIVER_ISHIKARI_RIVER",				"CIVILIZATION_JAPAN"),
		("NAMED_RIVER_KITAKAMI_RIVER",				"CIVILIZATION_JAPAN"),
		("NAMED_RIVER_MOGAMI_RIVER",				"CIVILIZATION_JAPAN"),
		("NAMED_RIVER_SHINANO",						"CIVILIZATION_JAPAN"),
		("NAMED_RIVER_TENRYU_RIVER",				"CIVILIZATION_JAPAN"),
		("NAMED_RIVER_TESHIO_RIVER",				"CIVILIZATION_JAPAN"),
		("NAMED_RIVER_TONE_RIVER",					"CIVILIZATION_JAPAN"),
		("NAMED_RIVER_MANGOKY",						"CIVILIZATION_MADAGASCAR"),
		("NAMED_RIVER_ONILAHY",						"CIVILIZATION_MADAGASCAR"),
		("NAMED_RIVER_BETSIBOKA",					"CIVILIZATION_MADAGASCAR"),
		("NAMED_RIVER_MATSIATRA",					"CIVILIZATION_MADAGASCAR"),
		("NAMED_RIVER_MANAMBOLO",					"CIVILIZATION_MADAGASCAR"),
		("NAMED_RIVER_MANANANTANANA",				"CIVILIZATION_MADAGASCAR"),
		("NAMED_RIVER_IKOSY",						"CIVILIZATION_MADAGASCAR"),
		("NAMED_RIVER_TSIRIBIHINA",					"CIVILIZATION_MADAGASCAR"),
		("NAMED_RIVER_KERULEN_RIVER",				"CIVILIZATION_MONGOLIA"),
		("NAMED_RIVER_ORKHON",						"CIVILIZATION_MONGOLIA"),
		("NAMED_RIVER_TUUL_RIVER",					"CIVILIZATION_MONGOLIA"),
		("NAMED_RIVER_YENISEI",						"CIVILIZATION_MONGOLIA"),
		("NAMED_RIVER_ZAVKHAN_RIVER",				"CIVILIZATION_MONGOLIA"),
		("NAMED_RIVER_IRRAWADDY",					"CIVILIZATION_MYANMAR"),
		("NAMED_RIVER_SALWEEN",						"CIVILIZATION_MYANMAR"),
		("NAMED_RIVER_IJSSEL_RIVER",				"CIVILIZATION_NETHERLANDS"),
		("NAMED_RIVER_LEK_RIVER",					"CIVILIZATION_NETHERLANDS"),
		("NAMED_RIVER_MEUSE",						"CIVILIZATION_NETHERLANDS"),
		("NAMED_RIVER_RHINE",						"CIVILIZATION_NETHERLANDS"),
		("NAMED_RIVER_SCHELDT_RIVER",				"CIVILIZATION_NETHERLANDS"),
		("NAMED_RIVER_WAAL_RIVER",					"CIVILIZATION_NETHERLANDS"),
		("NAMED_RIVER_GLOMMA",						"CIVILIZATION_NORWAY"),
		("NAMED_RIVER_GUDBRANDSDALSLAGEN",			"CIVILIZATION_NORWAY"),
		("NAMED_RIVER_NUMEDAL_RIVER",				"CIVILIZATION_NORWAY"),
		("NAMED_RIVER_OTRA_RIVER",					"CIVILIZATION_NORWAY"),
		("NAMED_RIVER_RAUMA_RIVER",					"CIVILIZATION_NORWAY"),
		("NAMED_RIVER_BUG",							"CIVILIZATION_POLAND"),
		("NAMED_RIVER_ODER",						"CIVILIZATION_POLAND"),
		("NAMED_RIVER_VISTULA",						"CIVILIZATION_POLAND"),
		("NAMED_RIVER_DUNAJEC_RIVER",				"CIVILIZATION_POLAND"),
		("NAMED_RIVER_NAREW_RIVER",					"CIVILIZATION_POLAND"),
		("NAMED_RIVER_NOTEC_RIVER",					"CIVILIZATION_POLAND"),
		("NAMED_RIVER_SAN_RIVER",					"CIVILIZATION_POLAND"),
		("NAMED_RIVER_WARTA_RIVER",					"CIVILIZATION_POLAND"),
		("NAMED_RIVER_WISLOKA_RIVER",				"CIVILIZATION_POLAND"),
		("NAMED_RIVER_DOURO_RIVER",					"CIVILIZATION_PORTUGAL"),
		("NAMED_RIVER_GUADIANA_RIVER",				"CIVILIZATION_PORTUGAL"),
		("NAMED_RIVER_MINHO_RIVER",					"CIVILIZATION_PORTUGAL"),
		("NAMED_RIVER_MONDEGO_RIVER",				"CIVILIZATION_PORTUGAL"),
		("NAMED_RIVER_TAGUS",						"CIVILIZATION_PORTUGAL"),
		("NAMED_RIVER_ZEZERE_RIVER",				"CIVILIZATION_PORTUGAL"),
		("NAMED_RIVER_MURES",						"CIVILIZATION_ROMANIA"),
		("NAMED_RIVER_OLT",							"CIVILIZATION_ROMANIA"),
		("NAMED_RIVER_SIRET",						"CIVILIZATION_ROMANIA"),
		("NAMED_RIVER_IALOMITA",					"CIVILIZATION_ROMANIA"),
		("NAMED_RIVER_SOMES",						"CIVILIZATION_ROMANIA"),
		("NAMED_RIVER_ARGES",						"CIVILIZATION_ROMANIA"),
		("NAMED_RIVER_JIU",							"CIVILIZATION_ROMANIA"),
		("NAMED_RIVER_BUZAU",						"CIVILIZATION_ROMANIA"),
		("NAMED_RIVER_DAMBOVITA",					"CIVILIZATION_ROMANIA"),
		("NAMED_RIVER_DANUBE",						"CIVILIZATION_ROMANIA"),
		("NAMED_RIVER_KOROS_RIVER",					"CIVILIZATION_ROMANIA"),
		("NAMED_RIVER_PRUT_RIVER",					"CIVILIZATION_ROMANIA"),
		("NAMED_RIVER_AMUR",						"CIVILIZATION_RUSSIA"),
		("NAMED_RIVER_DAUGAVA",						"CIVILIZATION_RUSSIA"),
		("NAMED_RIVER_DNIEPER",						"CIVILIZATION_RUSSIA"),
		("NAMED_RIVER_DON",							"CIVILIZATION_RUSSIA"),
		("NAMED_RIVER_LENA",						"CIVILIZATION_RUSSIA"),
		("NAMED_RIVER_NORTHERN_DVINA",				"CIVILIZATION_RUSSIA"),
		("NAMED_RIVER_OB",							"CIVILIZATION_RUSSIA"),
		("NAMED_RIVER_URAL",						"CIVILIZATION_RUSSIA"),
		("NAMED_RIVER_VOLGA",						"CIVILIZATION_RUSSIA"),
		("NAMED_RIVER_YENISEI",						"CIVILIZATION_RUSSIA"),
		("NAMED_RIVER_DOURO_RIVER",					"CIVILIZATION_SPAIN"),
		("NAMED_RIVER_EBRO",						"CIVILIZATION_SPAIN"),
		("NAMED_RIVER_GUADALQUIVIR_RIVER",			"CIVILIZATION_SPAIN"),
		("NAMED_RIVER_GUADIANA_RIVER",				"CIVILIZATION_SPAIN"),
		("NAMED_RIVER_JUCAR_RIVER",					"CIVILIZATION_SPAIN"),
		("NAMED_RIVER_TAGUS",						"CIVILIZATION_SPAIN"),
		("NAMED_RIVER_DAL",							"CIVILIZATION_SWEDEN_FIX"),
		("NAMED_RIVER_INDAL_RIVER",					"CIVILIZATION_SWEDEN_FIX"),
		("NAMED_RIVER_KLARA_RIVER",					"CIVILIZATION_SWEDEN_FIX"),
		("NAMED_RIVER_LULE_RIVER",					"CIVILIZATION_SWEDEN_FIX"),
		("NAMED_RIVER_TORNE_RIVER",					"CIVILIZATION_SWEDEN_FIX"),
		("NAMED_RIVER_BLACK_RIVER",					"CIVILIZATION_VIETNAM"),
		("NAMED_RIVER_CA_RIVER",					"CIVILIZATION_VIETNAM"),
		("NAMED_RIVER_DONG_NA_RIVER",				"CIVILIZATION_VIETNAM"),
		("NAMED_RIVER_MA_RIVER",					"CIVILIZATION_VIETNAM"),
		("NAMED_RIVER_MEKONG",						"CIVILIZATION_VIETNAM"),
		("NAMED_RIVER_RED",							"CIVILIZATION_VIETNAM");
--------------------------------------------------------------------
-- NamedMountains
--------------------------------------------------------------------
REPLACE INTO NamedMountains
		(NamedMountainType,							Name)
VALUES	("NAMED_MOUNTAIN_MOLLEHOJ",					"LOC_NAMED_MOUNTAIN_MOLLEHOJ_NAME"),
		("NAMED_MOUNTAIN_YDING",					"LOC_NAMED_MOUNTAIN_YDING_NAME"),
		("NAMED_MOUNTAIN_EJER",						"LOC_NAMED_MOUNTAIN_EJER_NAME"),
		("NAMED_MOUNTAIN_LINDBJERG",				"LOC_NAMED_MOUNTAIN_LINDBJERG_NAME"),
		("NAMED_MOUNTAIN_MARGRETELYST",				"LOC_NAMED_MOUNTAIN_MARGRETELYST_NAME"),
		("NAMED_MOUNTAIN_VISTOFTE",					"LOC_NAMED_MOUNTAIN_VISTOFTE_NAME"),
		("NAMED_MOUNTAIN_RYTTERKNAEGTEN",			"LOC_NAMED_MOUNTAIN_RYTTERKNAEGTEN_NAME"),
		("NAMED_MOUNTAIN_HIMMELBJERGET",			"LOC_NAMED_MOUNTAIN_HIMMELBJERGET_NAME"),
		("NAMED_MOUNTAIN_ABORREBJERG",				"LOC_NAMED_MOUNTAIN_ABORREBJERG_NAME"),
		("NAMED_MOUNTAIN_KARELIDES",				"LOC_NAMED_MOUNTAIN_KARELIDES_NAME"),
		("NAMED_MOUNTAIN_ESJAN",					"LOC_NAMED_MOUNTAIN_ESJAN_NAME"),
		("NAMED_MOUNTAIN_HOFSJOKULL",				"LOC_NAMED_MOUNTAIN_HOFSJOKULL_NAME"),
		("NAMED_MOUNTAIN_VATNAJOKULL",				"LOC_NAMED_MOUNTAIN_VATNAJOKULL_NAME"),
		("NAMED_MOUNTAIN_LANGJOKULL",				"LOC_NAMED_MOUNTAIN_LANGJOKULL_NAME"),
		("NAMED_MOUNTAIN_MYRDALSJOKULL",			"LOC_NAMED_MOUNTAIN_MYRDALSJOKULL_NAME"),
		("NAMED_MOUNTAIN_LANDMANNALAUGAR",			"LOC_NAMED_MOUNTAIN_LANDMANNALAUGAR_NAME"),
		("NAMED_MOUNTAIN_TSARATANANA",				"LOC_NAMED_MOUNTAIN_TSARATANANA_NAME"),
		("NAMED_MOUNTAIN_ANKARATRA",				"LOC_NAMED_MOUNTAIN_ANKARATRA_NAME"),
		("NAMED_MOUNTAIN_ANDRINGITRA",				"LOC_NAMED_MOUNTAIN_ANDRINGITRA_NAME"),
		("NAMED_MOUNTAIN_LAVASOA",					"LOC_NAMED_MOUNTAIN_LAVASOA_NAME"),
		("NAMED_MOUNTAIN_ALMAJ",		 			"LOC_NAMED_MOUNTAIN_ALMAJ_NAME"),
		("NAMED_MOUNTAIN_BIHOR",					"LOC_NAMED_MOUNTAIN_BIHOR_NAME"),
		("NAMED_MOUNTAIN_BUCEGI",					"LOC_NAMED_MOUNTAIN_BUCEGI_NAME"),
		("NAMED_MOUNTAIN_FAGARAS",					"LOC_NAMED_MOUNTAIN_FAGARAS_NAME"),
		("NAMED_MOUNTAIN_GODEANU",					"LOC_NAMED_MOUNTAIN_GODEANU_NAME"),
		("NAMED_MOUNTAIN_RETEZAT",	 				"LOC_NAMED_MOUNTAIN_RETEZAT_NAME"),
		("NAMED_MOUNTAIN_VRANCEA",	 				"LOC_NAMED_MOUNTAIN_VRANCEA_NAME"),
		("NAMED_MOUNTAIN_SUREANU",	 				"LOC_NAMED_MOUNTAIN_SUREANU_NAME"),
		("NAMED_MOUNTAIN_TARCU",		 			"LOC_NAMED_MOUNTAIN_TARCU_NAME");
--------------------------------------------------------------------
-- NamedMountainCivilizations
--------------------------------------------------------------------
REPLACE INTO NamedMountainCivilizations
		(NamedMountainType,							CivilizationType)
VALUES	("NAMED_MOUNTAIN_BLUE_MOUNTAINS",			"CIVILIZATION_AUSTRALIA"),
		("NAMED_MOUNTAIN_GREAT_DIVIDING",			"CIVILIZATION_AUSTRALIA"),
		("NAMED_MOUNTAIN_HAMERSLEY_RANGE",			"CIVILIZATION_AUSTRALIA"),
		("NAMED_MOUNTAIN_MACDONNELL_RANGE",			"CIVILIZATION_AUSTRALIA"),
		("NAMED_MOUNTAIN_PELION_RANGE",				"CIVILIZATION_AUSTRALIA"),
		("NAMED_MOUNTAIN_SNOWY_MOUNTAINS",			"CIVILIZATION_AUSTRALIA"),
		("NAMED_MOUNTAIN_HENGDUAN",					"CIVILIZATION_CHINA_PRC"),
		("NAMED_MOUNTAIN_HIMALAYAS",				"CIVILIZATION_CHINA_PRC"),
		("NAMED_MOUNTAIN_HINDU_KUSH",				"CIVILIZATION_CHINA_PRC"),
		("NAMED_MOUNTAIN_KARAKORAM",				"CIVILIZATION_CHINA_PRC"),
		("NAMED_MOUNTAIN_KHINGAN",					"CIVILIZATION_CHINA_PRC"),
		("NAMED_MOUNTAIN_KUNLUN",					"CIVILIZATION_CHINA_PRC"),
		("NAMED_MOUNTAIN_PAMIRS",					"CIVILIZATION_CHINA_PRC"),
		("NAMED_MOUNTAIN_QINLING",					"CIVILIZATION_CHINA_PRC"),
		("NAMED_MOUNTAIN_TIEN_SHAN",				"CIVILIZATION_CHINA_PRC"),
		("NAMED_MOUNTAIN_MOLLEHOJ",					"CIVILIZATION_DENMARK"),
		("NAMED_MOUNTAIN_YDING",					"CIVILIZATION_DENMARK"),
		("NAMED_MOUNTAIN_EJER",						"CIVILIZATION_DENMARK"),
		("NAMED_MOUNTAIN_LINDBJERG",				"CIVILIZATION_DENMARK"),
		("NAMED_MOUNTAIN_MARGRETELYST",				"CIVILIZATION_DENMARK"),
		("NAMED_MOUNTAIN_VISTOFTE",					"CIVILIZATION_DENMARK"),
		("NAMED_MOUNTAIN_RYTTERKNAEGTEN",			"CIVILIZATION_DENMARK"),
		("NAMED_MOUNTAIN_HIMMELBJERGET",			"CIVILIZATION_DENMARK"),
		("NAMED_MOUNTAIN_ABORREBJERG",				"CIVILIZATION_DENMARK"),
		("NAMED_MOUNTAIN_AHMAR_MOUNTAINS",			"CIVILIZATION_ETHIOPIA"),
		("NAMED_MOUNTAIN_AMARO_MOUNTAINS",			"CIVILIZATION_ETHIOPIA"),
		("NAMED_MOUNTAIN_ARSI_MOUNTAINS",			"CIVILIZATION_ETHIOPIA"),
		("NAMED_MOUNTAIN_BALE_MOUNTAINS",			"CIVILIZATION_ETHIOPIA"),
		("NAMED_MOUNTAIN_SEMIENS",					"CIVILIZATION_ETHIOPIA"),
		("NAMED_MOUNTAIN_WOLLO_HIGHLANDS",			"CIVILIZATION_ETHIOPIA"),
		("NAMED_MOUNTAIN_KARELIDES",				"CIVILIZATION_FINLAND"),
		("NAMED_MOUNTAIN_SCANDES",					"CIVILIZATION_FINLAND"),
		("NAMED_MOUNTAIN_ALPS",						"CIVILIZATION_FRANCE"),
		("NAMED_MOUNTAIN_JURA_MOUNTAINS",			"CIVILIZATION_FRANCE"),
		("NAMED_MOUNTAIN_MONT_BLANC_MASSIF",		"CIVILIZATION_FRANCE"),
		("NAMED_MOUNTAIN_NEBLINA_MASSIF",			"CIVILIZATION_FRANCE"),
		("NAMED_MOUNTAIN_PYRENEES",					"CIVILIZATION_FRANCE"),
		("NAMED_MOUNTAIN_VOSGES",					"CIVILIZATION_FRANCE"),
		("NAMED_MOUNTAIN_ALPS",						"CIVILIZATION_GERMANY"),
		("NAMED_MOUNTAIN_BLACK_FOREST_MOUNTAINS",	"CIVILIZATION_GERMANY"),
		("NAMED_MOUNTAIN_HARZ",						"CIVILIZATION_GERMANY"),
		("NAMED_MOUNTAIN_ORE_MOUNTAINS",			"CIVILIZATION_GERMANY"),
		("NAMED_MOUNTAIN_THURINGIAN_FOREST_MOUNTAINS","CIVILIZATION_GERMANY"),
		("NAMED_MOUNTAIN_ESJAN",					"CIVILIZATION_ICELAND"),
		("NAMED_MOUNTAIN_HOFSJOKULL",				"CIVILIZATION_ICELAND"),
		("NAMED_MOUNTAIN_VATNAJOKULL",				"CIVILIZATION_ICELAND"),
		("NAMED_MOUNTAIN_LANGJOKULL",				"CIVILIZATION_ICELAND"),
		("NAMED_MOUNTAIN_MYRDALSJOKULL",			"CIVILIZATION_ICELAND"),
		("NAMED_MOUNTAIN_LANDMANNALAUGAR",			"CIVILIZATION_ICELAND"),
		("NAMED_MOUNTAIN_ARAVALLI_RANGE",			"CIVILIZATION_INDIA"),
		("NAMED_MOUNTAIN_GHATS",					"CIVILIZATION_INDIA"),
		("NAMED_MOUNTAIN_HIMALAYAS",				"CIVILIZATION_INDIA"),
		("NAMED_MOUNTAIN_KARAKORAM",				"CIVILIZATION_INDIA"),
		("NAMED_MOUNTAIN_PATKAI",					"CIVILIZATION_INDIA"),
		("NAMED_MOUNTAIN_PIR_PANJAL_RANGE",			"CIVILIZATION_INDIA"),
		("NAMED_MOUNTAIN_PURVANCHAL_RANGE",			"CIVILIZATION_INDIA"),
		("NAMED_MOUNTAIN_SATPURA_RANGE",			"CIVILIZATION_INDIA"),
		("NAMED_MOUNTAIN_VINDHAYA_RANGE",			"CIVILIZATION_INDIA"),
		("NAMED_MOUNTAIN_BARISAN",					"CIVILIZATION_INDONESIA"),
		("NAMED_MOUNTAIN_IYANG_ARGAPURA_MOUNTAINS",	"CIVILIZATION_INDONESIA"),
		("NAMED_MOUNTAIN_MERATUS_MOUNTAINS",		"CIVILIZATION_INDONESIA"),
		("NAMED_MOUNTAIN_TENGGER_MASSIF",			"CIVILIZATION_INDONESIA"),
		("NAMED_MOUNTAIN_HAMRIN_MOUNTAINS",			"CIVILIZATION_IRAQ"),
		("NAMED_MOUNTAIN_QANDIL_MOUNTAINS",			"CIVILIZATION_IRAQ"),
		("NAMED_MOUNTAIN_SINJAR_MOUNTAINS",			"CIVILIZATION_IRAQ"),
		("NAMED_MOUNTAIN_ZAGROS",					"CIVILIZATION_IRAQ"),
		("NAMED_MOUNTAIN_ALPS",						"CIVILIZATION_ITALY"),
		("NAMED_MOUNTAIN_APENNINES",				"CIVILIZATION_ITALY"),
		("NAMED_MOUNTAIN_CHIANTI_MOUNTAINS",		"CIVILIZATION_ITALY"),
		("NAMED_MOUNTAIN_DINARIDES",				"CIVILIZATION_ITALY"),
		("NAMED_MOUNTAIN_DOLOMITES",				"CIVILIZATION_ITALY"),
		("NAMED_MOUNTAIN_SIBILLINI_MOUNTAINS",		"CIVILIZATION_ITALY"),
		("NAMED_MOUNTAIN_AKAISHI",					"CIVILIZATION_JAPAN"),
		("NAMED_MOUNTAIN_HIDA_MOUNTAINS",			"CIVILIZATION_JAPAN"),
		("NAMED_MOUNTAIN_KAMIKOCHI",				"CIVILIZATION_JAPAN"),
		("NAMED_MOUNTAIN_KISO_MOUNTAINS",			"CIVILIZATION_JAPAN"),
		("NAMED_MOUNTAIN_TSARATANANA",				"CIVILIZATION_MADAGASCAR"),
		("NAMED_MOUNTAIN_ANKARATRA",				"CIVILIZATION_MADAGASCAR"),
		("NAMED_MOUNTAIN_ANDRINGITRA",				"CIVILIZATION_MADAGASCAR"),
		("NAMED_MOUNTAIN_LAVASOA",					"CIVILIZATION_MADAGASCAR"),
		("NAMED_MOUNTAIN_ALTAI",		 			"CIVILIZATION_MONGOLIA"),
		("NAMED_MOUNTAIN_KHANGAI_MOUNTAINS",		"CIVILIZATION_MONGOLIA"),
		("NAMED_MOUNTAIN_KHENTII_MOUNTAINS",		"CIVILIZATION_MONGOLIA"),
		("NAMED_MOUNTAIN_SAYAN_MOUNTAINS",		 	"CIVILIZATION_MONGOLIA"),
		("NAMED_MOUNTAIN_HONDSRUG",					"CIVILIZATION_NETHERLANDS"),
		("NAMED_MOUNTAIN_LOWER_RHINE_HEIGHTS",		"CIVILIZATION_NETHERLANDS"),
		("NAMED_MOUNTAIN_SALLANDSE_HILL_RIDGE",		"CIVILIZATION_NETHERLANDS"),
		("NAMED_MOUNTAIN_UTRECHT_HILL_RIDGE",		"CIVILIZATION_NETHERLANDS"),
		("NAMED_MOUNTAIN_VELUWE",					"CIVILIZATION_NETHERLANDS"),
		("NAMED_MOUNTAIN_DOVREFJELL",				"CIVILIZATION_NORWAY"),
		("NAMED_MOUNTAIN_HARDANGERVIDDA",			"CIVILIZATION_NORWAY"),
		("NAMED_MOUNTAIN_JOTUNHEIMEN",				"CIVILIZATION_NORWAY"),
		("NAMED_MOUNTAIN_RONDANE_MASSIF",			"CIVILIZATION_NORWAY"),
		("NAMED_MOUNTAIN_SCANDES",					"CIVILIZATION_NORWAY"),
		("NAMED_MOUNTAIN_SYLAN",					"CIVILIZATION_NORWAY"),
		("NAMED_MOUNTAIN_BESKIDY_MOUNTAINS",		"CIVILIZATION_POLAND"),
		("NAMED_MOUNTAIN_BIESZCZADY_MOUNTAINS",		"CIVILIZATION_POLAND"),
		("NAMED_MOUNTAIN_KARKONOSZE_MOUNTAINS",		"CIVILIZATION_POLAND"),
		("NAMED_MOUNTAIN_TATRA_MOUNTAINS",			"CIVILIZATION_POLAND"),
		("NAMED_MOUNTAIN_MONTES_DE_TOLEDO",			"CIVILIZATION_PORTUGAL"),
		("NAMED_MOUNTAIN_SERRA_DA_ESTRELA",			"CIVILIZATION_PORTUGAL"),
		("NAMED_MOUNTAIN_SERRA_DE_MONCHIQUE",		"CIVILIZATION_PORTUGAL"),
		("NAMED_MOUNTAIN_ALMAJ",		 			"CIVILIZATION_ROMANIA"),
		("NAMED_MOUNTAIN_BIHOR",					"CIVILIZATION_ROMANIA"),
		("NAMED_MOUNTAIN_BUCEGI",					"CIVILIZATION_ROMANIA"),
		("NAMED_MOUNTAIN_FAGARAS",					"CIVILIZATION_ROMANIA"),
		("NAMED_MOUNTAIN_GODEANU",					"CIVILIZATION_ROMANIA"),
		("NAMED_MOUNTAIN_RETEZAT",	 				"CIVILIZATION_ROMANIA"),
		("NAMED_MOUNTAIN_VRANCEA",	 				"CIVILIZATION_ROMANIA"),
		("NAMED_MOUNTAIN_SUREANU",	 				"CIVILIZATION_ROMANIA"),
		("NAMED_MOUNTAIN_TARCU",		 			"CIVILIZATION_ROMANIA"),
		("NAMED_MOUNTAIN_BAIKAL_MOUNTAINS",		 	"CIVILIZATION_RUSSIA"),
		("NAMED_MOUNTAIN_CAUCASUS",		 	 	 	"CIVILIZATION_RUSSIA"),
		("NAMED_MOUNTAIN_CHERSKY",		 	 	 	"CIVILIZATION_RUSSIA"),
		("NAMED_MOUNTAIN_PUTORANA_PLATEAU",		 	"CIVILIZATION_RUSSIA"),
		("NAMED_MOUNTAIN_SAYAN_MOUNTAINS",		 	"CIVILIZATION_RUSSIA"),
		("NAMED_MOUNTAIN_STANOVOY_MOUNTAINS",		"CIVILIZATION_RUSSIA"),
		("NAMED_MOUNTAIN_URALS",		 	 	 	"CIVILIZATION_RUSSIA"),
		("NAMED_MOUNTAIN_VERKHOYANSK",		 	 	"CIVILIZATION_RUSSIA"),
		("NAMED_MOUNTAIN_CANTABRICA",				"CIVILIZATION_SPAIN"),
		("NAMED_MOUNTAIN_CORDILLERAS_BETICAS",		"CIVILIZATION_SPAIN"),
		("NAMED_MOUNTAIN_GALICIAN_MASSIF",			"CIVILIZATION_SPAIN"),
		("NAMED_MOUNTAIN_MONTES_DE_TOLEDO",			"CIVILIZATION_SPAIN"),
		("NAMED_MOUNTAIN_PYRENEES",					"CIVILIZATION_SPAIN"),
		("NAMED_MOUNTAIN_SIERRA_NEVADAS",			"CIVILIZATION_SPAIN"),
		("NAMED_MOUNTAIN_KEBNEKAISE_MASSIF",		"CIVILIZATION_SWEDEN_FIX"),
		("NAMED_MOUNTAIN_NORRA_STORFJALLET",		"CIVILIZATION_SWEDEN_FIX"),
		("NAMED_MOUNTAIN_SCANDES",					"CIVILIZATION_SWEDEN_FIX"),
		("NAMED_MOUNTAIN_SYLAN",					"CIVILIZATION_SWEDEN_FIX"),
		("NAMED_MOUNTAIN_ANNAMITES",				"CIVILIZATION_VIETNAM"),
		("NAMED_MOUNTAIN_BA_VI_MOUNTAINS",			"CIVILIZATION_VIETNAM"),
		("NAMED_MOUNTAIN_BAY NUI_MOUNTAINS",		"CIVILIZATION_VIETNAM"),
		("NAMED_MOUNTAIN_MARBLE_MOUNTAINS",			"CIVILIZATION_VIETNAM");
--------------------------------------------------------------------
-- NamedVolcanoes
--------------------------------------------------------------------
REPLACE INTO NamedVolcanoes
		(NamedVolcanoType,							Name)
VALUES	("NAMED_VOLCANO_AITOLAHTI",					"LOC_NAMED_VOLCANO_AITOLAHTI_NAME"),
		("NAMED_VOLCANO_HEKLA",						"LOC_NAMED_VOLCANO_HEKLA_NAME"),
		("NAMED_VOLCANO_BARTHARBUNGA",				"LOC_NAMED_VOLCANO_BARTHARBUNGA_NAME"),
		("NAMED_VOLCANO_KATLA",						"LOC_NAMED_VOLCANO_KATLA_NAME"),
		("NAMED_VOLCANO_KRAFLA_CALDERA",			"LOC_NAMED_VOLCANO_KRAFLA_CALDERA_NAME"),
		("NAMED_VOLCANO_ASKJA_CALDERA",				"LOC_NAMED_VOLCANO_ASKJA_CALDERA_NAME"),
		("NAMED_VOLCANO_ELDFELL",					"LOC_NAMED_VOLCANO_ELDFELL_NAME"),
		("NAMED_VOLCANO_THRIHNJUKAGIGUR",			"LOC_NAMED_VOLCANO_THRIHNJUKAGIGUR_NAME"),
		("NAMED_VOLCANO_BOBAOMBY",					"LOC_NAMED_VOLCANO_BOBAOMBY_NAME"),
		("NAMED_VOLCANO_ANKAIZINA",					"LOC_NAMED_VOLCANO_ANKAIZINA_NAME"),
		("NAMED_VOLCANO_ANKARATRA",					"LOC_NAMED_VOLCANO_ANKARATRA_NAME"),
		("NAMED_VOLCANO_ITASY",						"LOC_NAMED_VOLCANO_ITASY_NAME"),
		("NAMED_VOLCANO_NOSYBE",					"LOC_NAMED_VOLCANO_NOSYBE_NAME"),
		("NAMED_VOLCANO_LOWER_CHINDWIN",			"LOC_NAMED_VOLCANO_LOWER_CHINDWIN_NAME"),
		("NAMED_VOLCANO_MOUNT_POPA",				"LOC_NAMED_VOLCANO_MOUNT_POPA_NAME"),
		("NAMED_VOLCANO_TAUNGTHONTON",				"LOC_NAMED_VOLCANO_TAUNGTHONTON_NAME"),
		("NAMED_VOLCANO_CIOMADUL",					"LOC_NAMED_VOLCANO_CIOMADUL_NAME");
--------------------------------------------------------------------
-- NamedVolcanoCivilizations
--------------------------------------------------------------------
REPLACE INTO NamedVolcanoCivilizations
		(NamedVolcanoType,							CivilizationType)
VALUES	("NAMED_VOLCANO_BALLS_PYRAMID",				"CIVILIZATION_AUSTRALIA"),
		("NAMED_VOLCANO_BUDJ_BIM",					"CIVILIZATION_AUSTRALIA"),
		("NAMED_VOLCANO_MOUNT_HYPIPAMEE",			"CIVILIZATION_AUSTRALIA"),
		("NAMED_VOLCANO_MOUNT_NAPIER",				"CIVILIZATION_AUSTRALIA"),
		("NAMED_VOLCANO_MOUNT_TIBROGARGAN",			"CIVILIZATION_AUSTRALIA"),
		("NAMED_VOLCANO_MAWSON_PEAK",				"CIVILIZATION_AUSTRALIA"),
		("NAMED_VOLCANO_UNDARA_VOLCANO",			"CIVILIZATION_AUSTRALIA"),
		("NAMED_VOLCANO_PAEKTU",					"CIVILIZATION_CHINA_PRC"),
		("NAMED_VOLCANO_ALU_DALAFILLA",				"CIVILIZATION_ETHIOPIA"),
		("NAMED_VOLCANO_DABBAHU_VOLCANO",			"CIVILIZATION_ETHIOPIA"),
		("NAMED_VOLCANO_DALLOL_VOLCANO",			"CIVILIZATION_ETHIOPIA"),
		("NAMED_VOLCANO_ERTA_ALE",					"CIVILIZATION_ETHIOPIA"),
		("NAMED_VOLCANO_KONE",						"CIVILIZATION_ETHIOPIA"),
		("NAMED_VOLCANO_MANDA_HARARO",				"CIVILIZATION_ETHIOPIA"),
		("NAMED_VOLCANO_MOUNT_ALAYTA",				"CIVILIZATION_ETHIOPIA"),
		("NAMED_VOLCANO_MOUNT_FENTALE",				"CIVILIZATION_ETHIOPIA"),
		("NAMED_VOLCANO_AITOLAHTI",					"CIVILIZATION_FINLAND"),
		("NAMED_VOLCANO_PELEE",						"CIVILIZATION_FRANCE"),
		("NAMED_VOLCANO_PUY_DE_DOME",				"CIVILIZATION_FRANCE"),
		("NAMED_VOLCANO_LAACHER_SEE",				"CIVILIZATION_GERMANY"),
		("NAMED_VOLCANO_HEKLA",						"CIVILIZATION_ICELAND"),
		("NAMED_VOLCANO_BARTHARBUNGA",				"CIVILIZATION_ICELAND"),
		("NAMED_VOLCANO_KATLA",						"CIVILIZATION_ICELAND"),
		("NAMED_VOLCANO_KRAFLA_CALDERA",			"CIVILIZATION_ICELAND"),
		("NAMED_VOLCANO_ASKJA_CALDERA",				"CIVILIZATION_ICELAND"),
		("NAMED_VOLCANO_ELDFELL",					"CIVILIZATION_ICELAND"),
		("NAMED_VOLCANO_THRIHNJUKAGIGUR",			"CIVILIZATION_ICELAND"),
		("NAMED_VOLCANO_BARREN",					"CIVILIZATION_INDIA"),
		("NAMED_VOLCANO_AGUNG",						"CIVILIZATION_INDONESIA"),
		("NAMED_VOLCANO_GALUNGGUNG",				"CIVILIZATION_INDONESIA"),
		("NAMED_VOLCANO_KELUD",						"CIVILIZATION_INDONESIA"),
		("NAMED_VOLCANO_MERAPI",					"CIVILIZATION_INDONESIA"),
		("NAMED_VOLCANO_TAMBORA",					"CIVILIZATION_INDONESIA"),
		("NAMED_VOLCANO_SEMERU",					"CIVILIZATION_INDONESIA"),
		("NAMED_VOLCANO_ETNA",						"CIVILIZATION_ITALY"),
		("NAMED_VOLCANO_LARDERELLO_VOLCANO",		"CIVILIZATION_ITALY"),
		("NAMED_VOLCANO_PHLEGRAEAN_FIELDS",			"CIVILIZATION_ITALY"),
		("NAMED_VOLCANO_STROMBOLI",					"CIVILIZATION_ITALY"),
		("NAMED_VOLCANO_VULSINI",					"CIVILIZATION_ITALY"),
		("NAMED_VOLCANO_ASAMA",						"CIVILIZATION_JAPAN"),
		("NAMED_VOLCANO_SAKURAJIMA",				"CIVILIZATION_JAPAN"),
		("NAMED_VOLCANO_UNZEN",						"CIVILIZATION_JAPAN"),
		("NAMED_VOLCANO_BOBAOMBY",					"CIVILIZATION_MADAGASCAR"),
		("NAMED_VOLCANO_ANKAIZINA",					"CIVILIZATION_MADAGASCAR"),
		("NAMED_VOLCANO_ANKARATRA",					"CIVILIZATION_MADAGASCAR"),
		("NAMED_VOLCANO_ITASY",						"CIVILIZATION_MADAGASCAR"),
		("NAMED_VOLCANO_NOSYBE",					"CIVILIZATION_MADAGASCAR"),
		("NAMED_VOLCANO_KHORGO",					"CIVILIZATION_MONGOLIA"),
		("NAMED_VOLCANO_LOWER_CHINDWIN",			"CIVILIZATION_MYANMAR"),
		("NAMED_VOLCANO_MOUNT_POPA",				"CIVILIZATION_MYANMAR"),
		("NAMED_VOLCANO_TAUNGTHONTON",				"CIVILIZATION_MYANMAR"),
		("NAMED_VOLCANO_SCENERY",					"CIVILIZATION_NETHERLANDS"),
		("NAMED_VOLCANO_ZUIDWAL_VOLCANO",			"CIVILIZATION_NETHERLANDS"),
		("NAMED_VOLCANO_BEERENBERG",				"CIVILIZATION_NORWAY"),
		("NAMED_VOLCANO_HAKON_MOSBY_VOLCANO",		"CIVILIZATION_NORWAY"),
		("NAMED_VOLCANO_OSTRZYCA",					"CIVILIZATION_POLAND"),
		("NAMED_VOLCANO_AGUA_DE_PAU_MASSIF",		"CIVILIZATION_PORTUGAL"),
		("NAMED_VOLCANO_CAPELINHOS_VOLCANO",		"CIVILIZATION_PORTUGAL"),
		("NAMED_VOLCANO_FURNAS_VOLCANO",			"CIVILIZATION_PORTUGAL"),
		("NAMED_VOLCANO_MOUNT_PICO",				"CIVILIZATION_PORTUGAL"),
		("NAMED_VOLCANO_SETE_CIDADES_MASSIF",		"CIVILIZATION_PORTUGAL"),
		("NAMED_VOLCANO_CIOMADUL",					"CIVILIZATION_ROMANIA"),
		("NAMED_VOLCANO_AVACHINSKY",				"CIVILIZATION_RUSSIA"),
		("NAMED_VOLCANO_BEZYMIANNY",				"CIVILIZATION_RUSSIA"),
		("NAMED_VOLCANO_ELBRUS",					"CIVILIZATION_RUSSIA"),
		("NAMED_VOLCANO_KORYAKSKY",					"CIVILIZATION_RUSSIA"),
		("NAMED_VOLCANO_SHIVELUCH",					"CIVILIZATION_RUSSIA"),
		("NAMED_VOLCANO_TEIDE",						"CIVILIZATION_SPAIN"),
		("NAMED_VOLCANO_ALLARPS_BJAR_VOLCANO",		"CIVILIZATION_SWEDEN_FIX"),
		("NAMED_VOLCANO_FRUALID_VOLCANO",			"CIVILIZATION_SWEDEN_FIX"),
		("NAMED_VOLCANO_GALLABJER_VOLCANO",			"CIVILIZATION_SWEDEN_FIX"),
		("NAMED_VOLCANO_LILLO_VOLCANO",				"CIVILIZATION_SWEDEN_FIX"),
		("NAMED_VOLCANO_RALLATE_VOLCANO",			"CIVILIZATION_SWEDEN_FIX"),
		("NAMED_VOLCANO_BAS_DONG_NAI",				"CIVILIZATION_VIETNAM"),
		("NAMED_VOLCANO_HAUT_DONG_NAI",				"CIVILIZATION_VIETNAM"),
		("NAMED_VOLCANO_TOROENG_PRONG",				"CIVILIZATION_VIETNAM");
--------------------------------------------------------------------
-- NamedDeserts
--------------------------------------------------------------------

--------------------------------------------------------------------
-- NamedDesertCivilizations
--------------------------------------------------------------------
REPLACE INTO NamedDesertCivilizations
		(NamedDesertType,							CivilizationType)
VALUES	("NAMED_DESERT_GIBSON",						"CIVILIZATION_AUSTRALIA"),
		("NAMED_DESERT_GREAT_SANDY",				"CIVILIZATION_AUSTRALIA"),
		("NAMED_DESERT_GREAT_VICTORIA",				"CIVILIZATION_AUSTRALIA"),
		("NAMED_DESERT_SIMPSON",					"CIVILIZATION_AUSTRALIA"),
		("NAMED_DESERT_TANAMI",						"CIVILIZATION_AUSTRALIA"),
		("NAMED_DESERT_GOBI",						"CIVILIZATION_CHINA_PRC"),
		("NAMED_DESERT_TAKLAMAKAN",					"CIVILIZATION_CHINA_PRC"),
		("NAMED_DESERT_DANAKIL",					"CIVILIZATION_ETHIOPIA"),
		("NAMED_DESERT_OGADEN",						"CIVILIZATION_ETHIOPIA"),
		("NAMED_DESERT_THAR",						"CIVILIZATION_INDIA"),
		("NAMED_DESERT_TENGGER_SAND_SEA",			"CIVILIZATION_INDONESIA"),
		("NAMED_DESERT_ACCONA_DESERT",				"CIVILIZATION_ITALY"),
		("NAMED_DESERT_GOBI",						"CIVILIZATION_MONGOLIA"),
		("NAMED_DESERT_BARREIRO_DA_FANECA",			"CIVILIZATION_PORTUGAL"),
		("NAMED_DESERT_TABERNAS",					"CIVILIZATION_SPAIN"),
		("NAMED_DESERT_SAND_DUNES_OF_MUI_NE",		"CIVILIZATION_VIETNAM");
--------------------------------------------------------------------
-- NamedLakes
--------------------------------------------------------------------
REPLACE INTO NamedLakes
		(NamedLakeType,								Name)
VALUES	("NAMED_LAKE_WIVENHOE",						"LOC_NAMED_LAKE_WIVENHOE_NAME"),
		("NAMED_LAKE_ARRESO",						"LOC_NAMED_LAKE_ARRESO_NAME"),
		("NAMED_LAKE_ESRUM",						"LOC_NAMED_LAKE_ESRUM_NAME"),
		("NAMED_LAKE_STADIL",						"LOC_NAMED_LAKE_STADIL_NAME"),
		("NAMED_LAKE_MOSSO",						"LOC_NAMED_LAKE_MOSSO_NAME"),
		("NAMED_LAKE_SALTBAEK",						"LOC_NAMED_LAKE_SALTBAEK_NAME"),
		("NAMED_LAKE_TISSO",						"LOC_NAMED_LAKE_TISSO_NAME"),
		("NAMED_LAKE_FURESO",						"LOC_NAMED_LAKE_FURESO_NAME"),
		("NAMED_LAKE_SKANDERBORG",					"LOC_NAMED_LAKE_SKANDERBORG_NAME"),
		("NAMED_LAKE_ROINE",						"LOC_NAMED_LAKE_ROINE_NAME"),
		("NAMED_LAKE_PAIJANNE",						"LOC_NAMED_LAKE_PAIJANNE_NAME"),
		("NAMED_LAKE_INARI",						"LOC_NAMED_LAKE_INARI_NAME"),
		("NAMED_LAKE_OULUJARVI",					"LOC_NAMED_LAKE_OULUJARVI_NAME"),
		("NAMED_LAKE_PIELINEN",						"LOC_NAMED_LAKE_PIELINEN_NAME"),
		("NAMED_LAKE_PIHLAJAVESI",					"LOC_NAMED_LAKE_PIHLAJAVESI_NAME"),
		("NAMED_LAKE_ORIVESI",						"LOC_NAMED_LAKE_ORIVESI_NAME"),
		("NAMED_LAKE_HAUKIVESI",					"LOC_NAMED_LAKE_HAUKIVESI_NAME"),
		("NAMED_LAKE_PYHASELKA",					"LOC_NAMED_LAKE_PYHASELKA_NAME"),
		("NAMED_LAKE_PUULA",						"LOC_NAMED_LAKE_PUULA_NAME"),
		("NAMED_LAKE_HOYTIANEN",					"LOC_NAMED_LAKE_HOYTIANEN_NAME"),
		("NAMED_LAKE_NASIJARVI",					"LOC_NAMED_LAKE_NASIJARVI_NAME"),
		("NAMED_LAKE_KALLAVESI",					"LOC_NAMED_LAKE_KALLAVESI_NAME"),
		("NAMED_LAKE_THINGVALLAVATN",				"LOC_NAMED_LAKE_THINGVALLAVATN_NAME"),
		("NAMED_LAKE_MYVATN",						"LOC_NAMED_LAKE_MYVATN_NAME"),
		("NAMED_LAKE_KERITH",						"LOC_NAMED_LAKE_KERITH_NAME"),
		("NAMED_LAKE_OSKJUVATN",					"LOC_NAMED_LAKE_OSKJUVATN_NAME"),
		("NAMED_LAKE_JOKULSARLON",					"LOC_NAMED_LAKE_JOKULSARLON_NAME"),
		("NAMED_LAKE_LAGARFLJOT",					"LOC_NAMED_LAKE_LAGARFLJOT_NAME"),
		("NAMED_LAKE_HVITARVATN",					"LOC_NAMED_LAKE_HVITARVATN_NAME"),
		("NAMED_LAKE_ALAOTRA",						"LOC_NAMED_LAKE_ALAOTRA_NAME"),
		("NAMED_LAKE_ANOSY",						"LOC_NAMED_LAKE_ANOSY_NAME"),
		("NAMED_LAKE_IHOTRY",						"LOC_NAMED_LAKE_IHOTRY_NAME"),
		("NAMED_LAKE_KINKONY",						"LOC_NAMED_LAKE_KINKONY_NAME"),
		("NAMED_LAKE_MANDRAKA",						"LOC_NAMED_LAKE_MANDRAKA_NAME"),
		("NAMED_LAKE_MANTASOA",						"LOC_NAMED_LAKE_MANTASOA_NAME"),
		("NAMED_LAKE_TRITRIVA",						"LOC_NAMED_LAKE_TRITRIVA_NAME"),
		("NAMED_LAKE_TSIMANAPETSOTSOA",				"LOC_NAMED_LAKE_TSIMANAPETSOTSOA_NAME"),
		("NAMED_LAKE_BALEA",						"LOC_NAMED_LAKE_BALEA_NAME"),
		("NAMED_LAKE_BUCURA",						"LOC_NAMED_LAKE_BUCURA_NAME"),
		("NAMED_LAKE_RAZIM",						"LOC_NAMED_LAKE_RAZIM_NAME"),
		("NAMED_LAKE_ROSU",							"LOC_NAMED_LAKE_ROSU_NAME"),
		("NAMED_LAKE_TAUL_TAPULUI",					"LOC_NAMED_LAKE_TAUL_TAPULUI_NAME");
--------------------------------------------------------------------
-- NamedLakeCivilizations
--------------------------------------------------------------------
REPLACE INTO NamedLakeCivilizations
		(NamedLakeType,								CivilizationType)
VALUES	("NAMED_LAKE_LAKE_AMADEUS",					"CIVILIZATION_AUSTRALIA"),
		("NAMED_LAKE_LAKE_CARNEGIE",				"CIVILIZATION_AUSTRALIA"),
		("NAMED_LAKE_LAKE_DISAPPOINTMENT",			"CIVILIZATION_AUSTRALIA"),
		("NAMED_LAKE_LAKE_EYRE",					"CIVILIZATION_AUSTRALIA"),
		("NAMED_LAKE_LAKE_FROME",					"CIVILIZATION_AUSTRALIA"),
		("NAMED_LAKE_LAKE_MACKAY",					"CIVILIZATION_AUSTRALIA"),
		("NAMED_LAKE_LAKE_TORRENS",					"CIVILIZATION_AUSTRALIA"),
		("NAMED_LAKE_WIVENHOE",						"CIVILIZATION_AUSTRALIA"),
		("NAMED_LAKE_CHAO_LAKE",					"CIVILIZATION_CHINA_PRC"),
		("NAMED_LAKE_DONGTING_LAKE",				"CIVILIZATION_CHINA_PRC"),
		("NAMED_LAKE_HONGZE_LAKE",					"CIVILIZATION_CHINA_PRC"),
		("NAMED_LAKE_HULUN_LAKE",					"CIVILIZATION_CHINA_PRC"),
		("NAMED_LAKE_LAKE_KHANKA",					"CIVILIZATION_CHINA_PRC"),
		("NAMED_LAKE_LAKE_TAI",						"CIVILIZATION_CHINA_PRC"),
		("NAMED_LAKE_POYANG_LAKE",					"CIVILIZATION_CHINA_PRC"),
		("NAMED_LAKE_QINGHAI_LAKE",					"CIVILIZATION_CHINA_PRC"),
		("NAMED_LAKE_WEST_LAKE",					"CIVILIZATION_CHINA_PRC"),
		("NAMED_LAKE_ARRESO",						"CIVILIZATION_DENMARK"),
		("NAMED_LAKE_ESRUM",						"CIVILIZATION_DENMARK"),
		("NAMED_LAKE_STADIL",						"CIVILIZATION_DENMARK"),
		("NAMED_LAKE_MOSSO",						"CIVILIZATION_DENMARK"),
		("NAMED_LAKE_SALTBAEK",						"CIVILIZATION_DENMARK"),
		("NAMED_LAKE_TISSO",						"CIVILIZATION_DENMARK"),
		("NAMED_LAKE_FURESO",						"CIVILIZATION_DENMARK"),
		("NAMED_LAKE_SKANDERBORG",					"CIVILIZATION_DENMARK"),
		("NAMED_LAKE_LAKE_ABAYA",					"CIVILIZATION_ETHIOPIA"),
		("NAMED_LAKE_LAKE_ABBE",					"CIVILIZATION_ETHIOPIA"),
		("NAMED_LAKE_LAKE_CHAMO",					"CIVILIZATION_ETHIOPIA"),
		("NAMED_LAKE_LAKE_CHEW_BAHIR",				"CIVILIZATION_ETHIOPIA"),
		("NAMED_LAKE_LAKE_SHALA",					"CIVILIZATION_ETHIOPIA"),
		("NAMED_LAKE_LAKE_TANA",					"CIVILIZATION_ETHIOPIA"),
		("NAMED_LAKE_LAKE_TURKANA",					"CIVILIZATION_ETHIOPIA"),
		("NAMED_LAKE_LAKE_ZIWAY",					"CIVILIZATION_ETHIOPIA"),
		("NAMED_LAKE_ROINE",						"CIVILIZATION_FINLAND"),
		("NAMED_LAKE_PAIJANNE",						"CIVILIZATION_FINLAND"),
		("NAMED_LAKE_INARI",						"CIVILIZATION_FINLAND"),
		("NAMED_LAKE_OULUJARVI",					"CIVILIZATION_FINLAND"),
		("NAMED_LAKE_PIELINEN",						"CIVILIZATION_FINLAND"),
		("NAMED_LAKE_PIHLAJAVESI",					"CIVILIZATION_FINLAND"),
		("NAMED_LAKE_ORIVESI",						"CIVILIZATION_FINLAND"),
		("NAMED_LAKE_HAUKIVESI",					"CIVILIZATION_FINLAND"),
		("NAMED_LAKE_PYHASELKA",					"CIVILIZATION_FINLAND"),
		("NAMED_LAKE_PUULA",						"CIVILIZATION_FINLAND"),
		("NAMED_LAKE_HOYTIANEN",					"CIVILIZATION_FINLAND"),
		("NAMED_LAKE_NASIJARVI",					"CIVILIZATION_FINLAND"),
		("NAMED_LAKE_KALLAVESI",					"CIVILIZATION_FINLAND"),
		("NAMED_LAKE_BOURGET_LAKE",					"CIVILIZATION_FRANCE"),
		("NAMED_LAKE_LAC_DE_GRAND_LIEU",			"CIVILIZATION_FRANCE"),
		("NAMED_LAKE_LAKE_AIGUEBELETTE",			"CIVILIZATION_FRANCE"),
		("NAMED_LAKE_LAKE_ANNECY",					"CIVILIZATION_FRANCE"),
		("NAMED_LAKE_LAKE_GENEVA",					"CIVILIZATION_FRANCE"),
		("NAMED_LAKE_KONIGSSEE",					"CIVILIZATION_GERMANY"),
		("NAMED_LAKE_LAKE_AMMER",					"CIVILIZATION_GERMANY"),
		("NAMED_LAKE_LAKE_CHIEMSEE",				"CIVILIZATION_GERMANY"),
		("NAMED_LAKE_LAKE_CONSTANCE",				"CIVILIZATION_GERMANY"),
		("NAMED_LAKE_LAKE_KUMMEROW",				"CIVILIZATION_GERMANY"),
		("NAMED_LAKE_LAKE_MURITZ",					"CIVILIZATION_GERMANY"),
		("NAMED_LAKE_LAKE_SCHWERIN",				"CIVILIZATION_GERMANY"),
		("NAMED_LAKE_LAKE_STARNBERG",				"CIVILIZATION_GERMANY"),
		("NAMED_LAKE_LAKE_WALCHEN",					"CIVILIZATION_GERMANY"),
		("NAMED_LAKE_PLAUER_SEE",					"CIVILIZATION_GERMANY"),
		("NAMED_LAKE_SAALER_BODDEN",				"CIVILIZATION_GERMANY"),
		("NAMED_LAKE_SCHAALSEE",					"CIVILIZATION_GERMANY"),
		("NAMED_LAKE_STEINHUDER_MEER",				"CIVILIZATION_GERMANY"),
		("NAMED_LAKE_THINGVALLAVATN",				"CIVILIZATION_ICELAND"),
		("NAMED_LAKE_MYVATN",						"CIVILIZATION_ICELAND"),
		("NAMED_LAKE_KERITH",						"CIVILIZATION_ICELAND"),
		("NAMED_LAKE_OSKJUVATN",					"CIVILIZATION_ICELAND"),
		("NAMED_LAKE_JOKULSARLON",					"CIVILIZATION_ICELAND"),
		("NAMED_LAKE_LAGARFLJOT",					"CIVILIZATION_ICELAND"),
		("NAMED_LAKE_HVITARVATN",					"CIVILIZATION_ICELAND"),
		("NAMED_LAKE_DAL_LAKE",						"CIVILIZATION_INDIA"),
		("NAMED_LAKE_DIPOR_BIL",					"CIVILIZATION_INDIA"),
		("NAMED_LAKE_KOLLERU_LAKE",					"CIVILIZATION_INDIA"),
		("NAMED_LAKE_LOKTAK_LAKE",					"CIVILIZATION_INDIA"),
		("NAMED_LAKE_PANGONG_TSO",					"CIVILIZATION_INDIA"),
		("NAMED_LAKE_VEMBANAD_LAKE",				"CIVILIZATION_INDIA"),
		("NAMED_LAKE_LAKE_POSO",					"CIVILIZATION_INDONESIA"),
		("NAMED_LAKE_LAKE_MATANO",					"CIVILIZATION_INDONESIA"),
		("NAMED_LAKE_LAKE_SENTARUM",				"CIVILIZATION_INDONESIA"),
		("NAMED_LAKE_LAKE_TOBA",					"CIVILIZATION_INDONESIA"),
		("NAMED_LAKE_LAKE_TOWUTI",					"CIVILIZATION_INDONESIA"),
		("NAMED_LAKE_MAHARLOO_LAKE",				"CIVILIZATION_IRAN"),
		("NAMED_LAKE_HAWR_AS_SADIYAH",				"CIVILIZATION_IRAQ"),
		("NAMED_LAKE_LAKE_HABBANIYAH",				"CIVILIZATION_IRAQ"),
		("NAMED_LAKE_LAKE_HAMMAR",					"CIVILIZATION_IRAQ"),
		("NAMED_LAKE_LAKE_BOLSENA",					"CIVILIZATION_ITALY"),
		("NAMED_LAKE_LAKE_BRACCIANO",				"CIVILIZATION_ITALY"),
		("NAMED_LAKE_LAKE_ISEO",					"CIVILIZATION_ITALY"),
		("NAMED_LAKE_LAKE_TRASIMENE",				"CIVILIZATION_ITALY"),
		("NAMED_LAKE_LAKE_BIWA",					"CIVILIZATION_JAPAN"),
		("NAMED_LAKE_LAKE_INAWASHIRO",				"CIVILIZATION_JAPAN"),
		("NAMED_LAKE_LAKE_KASUMIGAURA",				"CIVILIZATION_JAPAN"),
		("NAMED_LAKE_LAKE_KAWAGUCHI",				"CIVILIZATION_JAPAN"),
		("NAMED_LAKE_LAKE_NAKAUMI",					"CIVILIZATION_JAPAN"),
		("NAMED_LAKE_LAKE_SHINJI",					"CIVILIZATION_JAPAN"),
		("NAMED_LAKE_ALAOTRA",						"CIVILIZATION_MADAGASCAR"),
		("NAMED_LAKE_ANOSY",						"CIVILIZATION_MADAGASCAR"),
		("NAMED_LAKE_IHOTRY",						"CIVILIZATION_MADAGASCAR"),
		("NAMED_LAKE_KINKONY",						"CIVILIZATION_MADAGASCAR"),
		("NAMED_LAKE_MANDRAKA",						"CIVILIZATION_MADAGASCAR"),
		("NAMED_LAKE_MANTASOA",						"CIVILIZATION_MADAGASCAR"),
		("NAMED_LAKE_TRITRIVA",						"CIVILIZATION_MADAGASCAR"),
		("NAMED_LAKE_TSIMANAPETSOTSOA",				"CIVILIZATION_MADAGASCAR"),
		("NAMED_LAKE_HULUN_LAKE",					"CIVILIZATION_MONGOLIA"),
		("NAMED_LAKE_KHAR_US_LAKE",					"CIVILIZATION_MONGOLIA"),
		("NAMED_LAKE_KHOVSGOL_LAKE",				"CIVILIZATION_MONGOLIA"),
		("NAMED_LAKE_KHYARGAS_LAKE",				"CIVILIZATION_MONGOLIA"),
		("NAMED_LAKE_UVS_LAKE",						"CIVILIZATION_MONGOLIA"),
		("NAMED_LAKE_LAKE_GREVELINGEN",				"CIVILIZATION_NETHERLANDS"),
		("NAMED_LAKE_LAKE_MARKEN",					"CIVILIZATION_NETHERLANDS"),
		("NAMED_LAKE_LAKE_OF_NAARDEN",				"CIVILIZATION_NETHERLANDS"),
		("NAMED_LAKE_LAKE_IJSSEL",					"CIVILIZATION_NETHERLANDS"),
		("NAMED_LAKE_LAUWERS_LAKE",					"CIVILIZATION_NETHERLANDS"),
		("NAMED_LAKE_ALTYEVATNET",					"CIVILIZATION_NORWAY"),
		("NAMED_LAKE_BLASJO",						"CIVILIZATION_NORWAY"),
		("NAMED_LAKE_FEMUNDEN",						"CIVILIZATION_NORWAY"),
		("NAMED_LAKE_HORNINDALSVATNET",				"CIVILIZATION_NORWAY"),
		("NAMED_LAKE_LIMINGEN",						"CIVILIZATION_NORWAY"),
		("NAMED_LAKE_MJOSA",						"CIVILIZATION_NORWAY"),
		("NAMED_LAKE_NISSER",						"CIVILIZATION_NORWAY"),
		("NAMED_LAKE_NORSJO",						"CIVILIZATION_NORWAY"),
		("NAMED_LAKE_OYEREN",						"CIVILIZATION_NORWAY"),
		("NAMED_LAKE_ROSSVATNET",					"CIVILIZATION_NORWAY"),
		("NAMED_LAKE_SELBUSJOEN",					"CIVILIZATION_NORWAY"),
		("NAMED_LAKE_SNASAVATNET",					"CIVILIZATION_NORWAY"),
		("NAMED_LAKE_TINNSJOEN",					"CIVILIZATION_NORWAY"),
		("NAMED_LAKE_TYRIFJORDEN",					"CIVILIZATION_NORWAY"),
		("NAMED_LAKE_BUWELNO_LAKE",					"CIVILIZATION_POLAND"),
		("NAMED_LAKE_DABIE_LAKE",					"CIVILIZATION_POLAND"),
		("NAMED_LAKE_DOBSKIE_LAKE",					"CIVILIZATION_POLAND"),
		("NAMED_LAKE_LAKE_GOPLO",					"CIVILIZATION_POLAND"),
		("NAMED_LAKE_LAKE_MAMRY",					"CIVILIZATION_POLAND"),
		("NAMED_LAKE_LAKE_NIEGOCIN",				"CIVILIZATION_POLAND"),
		("NAMED_LAKE_LAKE_WIGRY",					"CIVILIZATION_POLAND"),
		("NAMED_LAKE_LUKNAJNO_LAKE",				"CIVILIZATION_POLAND"),
		("NAMED_LAKE_SNIARDWY",						"CIVILIZATION_POLAND"),
		("NAMED_LAKE_WOJNOWO_LAKE",					"CIVILIZATION_POLAND"),
		("NAMED_LAKE_LAGOA_DA_VELA",				"CIVILIZATION_PORTUGAL"),
		("NAMED_LAKE_LAGOA_DAS_FURNAS",				"CIVILIZATION_PORTUGAL"),
		("NAMED_LAKE_LAGOA_DAS_SETE_CIDADES",		"CIVILIZATION_PORTUGAL"),
		("NAMED_LAKE_LAGOA_DE_SANTIAGO",			"CIVILIZATION_PORTUGAL"),
		("NAMED_LAKE_LAGOA_DO_FOGO",				"CIVILIZATION_PORTUGAL"),
		("NAMED_LAKE_LAGOAS_DE_BERTIANDOS",			"CIVILIZATION_PORTUGAL"),
		("NAMED_LAKE_PATEIRA_DE_FERMENTELOS", 		"CIVILIZATION_PORTUGAL"),
		("NAMED_LAKE_BALEA",						"CIVILIZATION_ROMANIA"),
		("NAMED_LAKE_BUCURA",						"CIVILIZATION_ROMANIA"),
		("NAMED_LAKE_RAZIM",						"CIVILIZATION_ROMANIA"),
		("NAMED_LAKE_ROSU",							"CIVILIZATION_ROMANIA"),
		("NAMED_LAKE_TAUL_TAPULUI",					"CIVILIZATION_ROMANIA"),
		("NAMED_LAKE_ARAL_SEA",						"CIVILIZATION_RUSSIA"),
		("NAMED_LAKE_LAKE_BAIKAL",					"CIVILIZATION_RUSSIA"),
		("NAMED_LAKE_LAKE_KHANKA",					"CIVILIZATION_RUSSIA"),
		("NAMED_LAKE_LAKE_LADOGA",					"CIVILIZATION_RUSSIA"),
		("NAMED_LAKE_LAKE_ONEGA",					"CIVILIZATION_RUSSIA"),
		("NAMED_LAKE_LAKE_PEIPUS",					"CIVILIZATION_RUSSIA"),
		("NAMED_LAKE_LAKE_TAYMYR",					"CIVILIZATION_RUSSIA"),
		("NAMED_LAKE_EL_BRICIAL",					"CIVILIZATION_SPAIN"),
		("NAMED_LAKE_LAKE_ENOL",					"CIVILIZATION_SPAIN"),
		("NAMED_LAKE_LAKE_ERCINA",					"CIVILIZATION_SPAIN"),
		("NAMED_LAKE_LAKE_OF_BANYOLES",				"CIVILIZATION_SPAIN"),
		("NAMED_LAKE_SANABRIA_LAKE",				"CIVILIZATION_SPAIN"),
		("NAMED_LAKE_HJALMAREN",					"CIVILIZATION_SWEDEN_FIX"),
		("NAMED_LAKE_MALAREN",						"CIVILIZATION_SWEDEN_FIX"),
		("NAMED_LAKE_STORSJON",						"CIVILIZATION_SWEDEN_FIX"),
		("NAMED_LAKE_VANERN",						"CIVILIZATION_SWEDEN_FIX"),
		("NAMED_LAKE_VATTERN",						"CIVILIZATION_SWEDEN_FIX"),
		("NAMED_LAKE_BA_BE_LAKE",					"CIVILIZATION_VIETNAM"),
		("NAMED_LAKE_HO_TAY",						"CIVILIZATION_VIETNAM"),
		("NAMED_LAKE_LAK_LAKE",						"CIVILIZATION_VIETNAM");
--------------------------------------------------------------------
-- NamedSeas
--------------------------------------------------------------------
REPLACE INTO NamedSeas
		(NamedSeaType,								Name)
VALUES	("NAMED_SEA_ORESUND",						"LOC_NAMED_SEA_ORESUND_NAME"),
		("NAMED_SEA_BAKKAFLOI",						"LOC_NAMED_SEA_BAKKAFLOI_NAME"),
		("NAMED_SEA_FAXAFLOI",						"LOC_NAMED_SEA_FAXAFLOI_NAME"),
		("NAMED_SEA_GRUNNAVIK",						"LOC_NAMED_SEA_GRUNNAVIK_NAME"),
		("NAMED_SEA_HERADSFLOI",					"LOC_NAMED_SEA_HERADSFLOI_NAME"),
		("NAMED_SEA_HUNAFLOI",						"LOC_NAMED_SEA_HUNAFLOI_NAME"),
		("NAMED_SEA_THISTILFJORTHUR",				"LOC_NAMED_SEA_THISTILFJORTHUR_NAME"),
		("NAMED_SEA_BREITHAFJORTHUR",				"LOC_NAMED_SEA_BREITHAFJORTHUR_NAME"),
		("NAMED_SEA_ISAFJARTHARDJUP",				"LOC_NAMED_SEA_ISAFJARTHARDJUP_NAME"),
		("NAMED_SEA_SKAGAFJORTHUR",					"LOC_NAMED_SEA_SKAGAFJORTHUR_NAME"),
		("NAMED_SEA_EYJAFJORTHUR",					"LOC_NAMED_SEA_EYJAFJORTHUR_NAME"),
		("NAMED_SEA_AMBARO_BAY",					"LOC_NAMED_SEA_AMBARO_BAY_NAME"),
		("NAMED_SEA_BAIE_ANDOVOBATOFOTSY",			"LOC_NAMED_SEA_BAIE_ANDOVOBATOFOTSY_NAME"),
		("NAMED_SEA_BAIE_ANDOVOBAZAHA",				"LOC_NAMED_SEA_BAIE_ANDOVOBAZAHA_NAME"),
		("NAMED_SEA_BAIE_DE_BALY",					"LOC_NAMED_SEA_BAIE_DE_BALY_NAME"),
		("NAMED_SEA_BAIE_DE_TINTINGUE",				"LOC_NAMED_SEA_BAIE_DE_TINTINGUE_NAME"),
		("NAMED_SEA_BAY_OF_LAKY",					"LOC_NAMED_SEA_BAY_OF_LAKY_NAME"),
		("NAMED_SEA_BEFOTAKA_BAY",					"LOC_NAMED_SEA_BEFOTAKA_BAY_NAME"),
		("NAMED_SEA_HELODRANO_ANTONGILA_BAY",		"LOC_NAMED_SEA_HELODRANO_ANTONGILA_BAY_NAME"),
		("NAMED_SEA_HELODRANO_MAHAJAMBE",			"LOC_NAMED_SEA_HELODRANO_MAHAJAMBE_NAME"),
		("NAMED_SEA_HELODRANO_NARINDA",				"LOC_NAMED_SEA_HELODRANO_NARINDA_NAME");
--------------------------------------------------------------------
-- NamedSeaCivilizations
--------------------------------------------------------------------
REPLACE INTO NamedSeaCivilizations
		(NamedSeaType,								CivilizationType)
VALUES	("NAMED_SEA_ARAFURA_SEA",					"CIVILIZATION_AUSTRALIA"),
		("NAMED_SEA_BOTANY_BAY",					"CIVILIZATION_AUSTRALIA"),
		("NAMED_SEA_CORAL_SEA",						"CIVILIZATION_AUSTRALIA"),
		("NAMED_SEA_GREAT_AUSTRALIAN_BIGHT",		"CIVILIZATION_AUSTRALIA"),
		("NAMED_SEA_GULF_OF_CARPENTARIA",			"CIVILIZATION_AUSTRALIA"),
		("NAMED_SEA_JERVIS_BAY",					"CIVILIZATION_AUSTRALIA"),
		("NAMED_SEA_JOSEPH_BONAPARTE_GULF",			"CIVILIZATION_AUSTRALIA"),
		("NAMED_SEA_TASMAN_SEA",					"CIVILIZATION_AUSTRALIA"),
		("NAMED_SEA_TIMOR_SEA",						"CIVILIZATION_AUSTRALIA"),
		("NAMED_SEA_BO_HAI",						"CIVILIZATION_CHINA_PRC"),
		("NAMED_SEA_EAST_CHINA_SEA",				"CIVILIZATION_CHINA_PRC"),
		("NAMED_SEA_GULF_OF_TONKIN",				"CIVILIZATION_CHINA_PRC"),
		("NAMED_SEA_SOUTH_CHINA_SEA",				"CIVILIZATION_CHINA_PRC"),
		("NAMED_SEA_YELLOW_SEA",					"CIVILIZATION_CHINA_PRC"),
		("NAMED_SEA_ORESUND",						"CIVILIZATION_DENMARK"),
		("NAMED_SEA_GULF_OF_BOTHNIA",				"CIVILIZATION_FINLAND"),
		("NAMED_SEA_GULF_OF_FINLAND",				"CIVILIZATION_FINLAND"),
		("NAMED_SEA_BAIE_DE_LA_SEINE",				"CIVILIZATION_FRANCE"),
		("NAMED_SEA_BAIE_DE_SOMME",					"CIVILIZATION_FRANCE"),
		("NAMED_SEA_BAY_OF_BISCAY",					"CIVILIZATION_FRANCE"),
		("NAMED_SEA_CELTIC_SEA",					"CIVILIZATION_FRANCE"),
		("NAMED_SEA_ENGLISH_CHANNEL",				"CIVILIZATION_FRANCE"),
		("NAMED_SEA_GULF_OF_LION",					"CIVILIZATION_FRANCE"),
		("NAMED_SEA_GULF_OF_MORBIHAN",				"CIVILIZATION_FRANCE"),
		("NAMED_SEA_LIGURIAN_SEA",					"CIVILIZATION_FRANCE"),
		("NAMED_SEA_MEDITERRANEAN_SEA",				"CIVILIZATION_FRANCE"),
		("NAMED_SEA_MONT_SAINT_MICHEL_BAY",			"CIVILIZATION_FRANCE"),
		("NAMED_SEA_NORTH_SEA",						"CIVILIZATION_FRANCE"),
		("NAMED_SEA_BALTIC_SEA",					"CIVILIZATION_GERMANY"),
		("NAMED_SEA_BAY_OF_MECKLENBURG",			"CIVILIZATION_GERMANY"),
		("NAMED_SEA_DOLLART",						"CIVILIZATION_GERMANY"),
		("NAMED_SEA_FLENSBURG_FIRTH",				"CIVILIZATION_GERMANY"),
		("NAMED_SEA_GERMAN_BIGHT",					"CIVILIZATION_GERMANY"),
		("NAMED_SEA_HELIGOLAND_BIGHT",				"CIVILIZATION_GERMANY"),
		("NAMED_SEA_JADE_BIGHT",					"CIVILIZATION_GERMANY"),
		("NAMED_SEA_NORDFRIESISCHES_WATTENMEER",	"CIVILIZATION_GERMANY"),
		("NAMED_SEA_NORTH_SEA",						"CIVILIZATION_GERMANY"),
		("NAMED_SEA_WADDEN_SEA",					"CIVILIZATION_GERMANY"),
		("NAMED_SEA_BAKKAFLOI",						"CIVILIZATION_ICELAND"),
		("NAMED_SEA_FAXAFLOI",						"CIVILIZATION_ICELAND"),
		("NAMED_SEA_GRUNNAVIK",						"CIVILIZATION_ICELAND"),
		("NAMED_SEA_HERADSFLOI",					"CIVILIZATION_ICELAND"),
		("NAMED_SEA_HUNAFLOI",						"CIVILIZATION_ICELAND"),
		("NAMED_SEA_THISTILFJORTHUR",				"CIVILIZATION_ICELAND"),
		("NAMED_SEA_BREITHAFJORTHUR",				"CIVILIZATION_ICELAND"),
		("NAMED_SEA_ISAFJARTHARDJUP",				"CIVILIZATION_ICELAND"),
		("NAMED_SEA_SKAGAFJORTHUR",					"CIVILIZATION_ICELAND"),
		("NAMED_SEA_EYJAFJORTHUR",					"CIVILIZATION_ICELAND"),
		("NAMED_SEA_ANDAMAN_SEA",					"CIVILIZATION_INDIA"),
		("NAMED_SEA_ARABIAN_SEA",					"CIVILIZATION_INDIA"),
		("NAMED_SEA_BAY_OF_BENGAL",					"CIVILIZATION_INDIA"),
		("NAMED_SEA_GULF_OF_MANNAR",				"CIVILIZATION_INDIA"),
		("NAMED_SEA_LAKSHADWEEP_SEA",				"CIVILIZATION_INDIA"),
		("NAMED_SEA_ANDAMAN_SEA",					"CIVILIZATION_INDONESIA"),
		("NAMED_SEA_ARAFURA_SEA",					"CIVILIZATION_INDONESIA"),
		("NAMED_SEA_BANDA_SEA",						"CIVILIZATION_INDONESIA"),
		("NAMED_SEA_CELEBES_SEA",					"CIVILIZATION_INDONESIA"),
		("NAMED_SEA_CERAM_SEA",						"CIVILIZATION_INDONESIA"),
		("NAMED_SEA_FLORES_SEA",					"CIVILIZATION_INDONESIA"),
		("NAMED_SEA_JAWA_SEA",						"CIVILIZATION_INDONESIA"),
		("NAMED_SEA_MOLUCCA_SEA",					"CIVILIZATION_INDONESIA"),
		("NAMED_SEA_PHILIPPINE_SEA",				"CIVILIZATION_INDONESIA"),
		("NAMED_SEA_SOUTH_CHINA_SEA",				"CIVILIZATION_INDONESIA"),
		("NAMED_SEA_TIMOR_SEA",						"CIVILIZATION_INDONESIA"),
		("NAMED_SEA_PERSIAN_GULF",					"CIVILIZATION_IRAN"),
		("NAMED_SEA_PERSIAN_GULF",					"CIVILIZATION_IRAQ"),
		("NAMED_SEA_ADRIATIC_SEA",					"CIVILIZATION_ITALY"),
		("NAMED_SEA_IONIAN_SEA",					"CIVILIZATION_ITALY"),
		("NAMED_SEA_LIGURIAN_SEA",					"CIVILIZATION_ITALY"),
		("NAMED_SEA_MEDITERRANEAN_SEA",				"CIVILIZATION_ITALY"),
		("NAMED_SEA_TYRRHENIAN_SEA",				"CIVILIZATION_ITALY"),
		("NAMED_SEA_AGO_BAY",						"CIVILIZATION_JAPAN"),
		("NAMED_SEA_EAST_CHINA_SEA",				"CIVILIZATION_JAPAN"),
		("NAMED_SEA_GENKAI_SEA",					"CIVILIZATION_JAPAN"),
		("NAMED_SEA_MUTSU_BAY",						"CIVILIZATION_JAPAN"),
		("NAMED_SEA_PHILIPPINE_SEA",				"CIVILIZATION_JAPAN"),
		("NAMED_SEA_SAGAMI_BAY",					"CIVILIZATION_JAPAN"),
		("NAMED_SEA_SEA_OF_HYUGA",					"CIVILIZATION_JAPAN"),
		("NAMED_SEA_SEA_OF_JAPAN",					"CIVILIZATION_JAPAN"),
		("NAMED_SEA_SEA_OF_OKHOTSK",				"CIVILIZATION_JAPAN"),
		("NAMED_SEA_SETO_SEA",						"CIVILIZATION_JAPAN"),
		("NAMED_SEA_YATSUSHIRO_SEA",				"CIVILIZATION_JAPAN"),
		("NAMED_SEA_AMBARO_BAY",					"CIVILIZATION_MADAGASCAR"),
		("NAMED_SEA_BAIE_ANDOVOBATOFOTSY",			"CIVILIZATION_MADAGASCAR"),
		("NAMED_SEA_BAIE_ANDOVOBAZAHA",				"CIVILIZATION_MADAGASCAR"),
		("NAMED_SEA_BAIE_DE_BALY",					"CIVILIZATION_MADAGASCAR"),
		("NAMED_SEA_BAIE_DE_TINTINGUE",				"CIVILIZATION_MADAGASCAR"),
		("NAMED_SEA_BAY_OF_LAKY",					"CIVILIZATION_MADAGASCAR"),
		("NAMED_SEA_BEFOTAKA_BAY",					"CIVILIZATION_MADAGASCAR"),
		("NAMED_SEA_HELODRANO_ANTONGILA_BAY",		"CIVILIZATION_MADAGASCAR"),
		("NAMED_SEA_HELODRANO_MAHAJAMBE",			"CIVILIZATION_MADAGASCAR"),
		("NAMED_SEA_HELODRANO_NARINDA",				"CIVILIZATION_MADAGASCAR"),
		("NAMED_SEA_MOZAMBIQUE_CHANNEL",			"CIVILIZATION_MADAGASCAR"),
		("NAMED_SEA_CASPIAN_SEA",					"CIVILIZATION_MONGOLIA"),
		("NAMED_SEA_EAST_CHINA_SEA",				"CIVILIZATION_MONGOLIA"),
		("NAMED_SEA_YELLOW_SEA",					"CIVILIZATION_MONGOLIA"),
		("NAMED_SEA_DOLLART",						"CIVILIZATION_NETHERLANDS"),
		("NAMED_SEA_GERMAN_BIGHT",					"CIVILIZATION_NETHERLANDS"),
		("NAMED_SEA_NORTH_SEA",						"CIVILIZATION_NETHERLANDS"),
		("NAMED_SEA_WADDEN_SEA",					"CIVILIZATION_NETHERLANDS"),
		("NAMED_SEA_ZUIDERZEE",						"CIVILIZATION_NETHERLANDS"),
		("NAMED_SEA_BALTIC_SEA",					"CIVILIZATION_NORWAY"),
		("NAMED_SEA_GREENLAND_SEA",					"CIVILIZATION_NORWAY"),
		("NAMED_SEA_HARDANGERFJORDEN",				"CIVILIZATION_NORWAY"),
		("NAMED_SEA_NORTH_SEA",						"CIVILIZATION_NORWAY"),
		("NAMED_SEA_NORWEGIAN_SEA",					"CIVILIZATION_NORWAY"),
		("NAMED_SEA_SOGNEFJORDEN",					"CIVILIZATION_NORWAY"),
		("NAMED_SEA_STORFJORDEN",					"CIVILIZATION_NORWAY"),
		("NAMED_SEA_TRONDHEIMSFJORDEN",				"CIVILIZATION_NORWAY"),
		("NAMED_SEA_VESTFJORDEN",					"CIVILIZATION_NORWAY"),
		("NAMED_SEA_PHILIPPINE_SEA",				"CIVILIZATION_PHILIPPINES"),
		("NAMED_SEA_BAY_OF_POMERANIA",				"CIVILIZATION_POLAND"),
		("NAMED_SEA_GDANSK_BAY",					"CIVILIZATION_POLAND"),
		("NAMED_SEA_BAY_OF_ANGRA",					"CIVILIZATION_PORTUGAL"),
		("NAMED_SEA_BAY_OF_REFUGO",					"CIVILIZATION_PORTUGAL"),
		("NAMED_SEA_FUNCHAL_BAY",					"CIVILIZATION_PORTUGAL"),
		("NAMED_SEA_GULF_OF_CADIZ",					"CIVILIZATION_PORTUGAL"),
		("NAMED_SEA_SETUBAL_BAY",					"CIVILIZATION_PORTUGAL"),
		("NAMED_SEA_BLACK_SEA",						"CIVILIZATION_ROMANIA"),
		("NAMED_SEA_BALTIC_SEA",					"CIVILIZATION_RUSSIA"),
		("NAMED_SEA_BERING_SEA",					"CIVILIZATION_RUSSIA"),
		("NAMED_SEA_BLACK_SEA",						"CIVILIZATION_RUSSIA"),
		("NAMED_SEA_CASPIAN_SEA",					"CIVILIZATION_RUSSIA"),
		("NAMED_SEA_CHUKCHI_SEA",					"CIVILIZATION_RUSSIA"),
		("NAMED_SEA_EAST_SIBERIAN_SEA",				"CIVILIZATION_RUSSIA"),
		("NAMED_SEA_GULF_OF_FINLAND",				"CIVILIZATION_RUSSIA"),
		("NAMED_SEA_KARA_SEA",						"CIVILIZATION_RUSSIA"),
		("NAMED_SEA_LAPTEV_SEA",					"CIVILIZATION_RUSSIA"),
		("NAMED_SEA_SEA_OF_JAPAN",					"CIVILIZATION_RUSSIA"),
		("NAMED_SEA_SEA_OF_OKHOTSK",				"CIVILIZATION_RUSSIA"),
		("NAMED_SEA_WHITE_SEA",						"CIVILIZATION_RUSSIA"),
		("NAMED_SEA_ALBORAN_SEA",					"CIVILIZATION_SPAIN"),
		("NAMED_SEA_BAY_OF_BISCAY",					"CIVILIZATION_SPAIN"),
		("NAMED_SEA_BAY_OF_GIBRALTAR",				"CIVILIZATION_SPAIN"),
		("NAMED_SEA_BAY_OF_SANTANDER",				"CIVILIZATION_SPAIN"),
		("NAMED_SEA_GULF_OF_CADIZ",					"CIVILIZATION_SPAIN"),
		("NAMED_SEA_GULF_OF_ROSES",					"CIVILIZATION_SPAIN"),
		("NAMED_SEA_GULF_OF_VALENCIA",				"CIVILIZATION_SPAIN"),
		("NAMED_SEA_MEDITERRANEAN_SEA",				"CIVILIZATION_SPAIN"),
		("NAMED_SEA_EDSVIKEN",						"CIVILIZATION_SWEDEN_FIX"),
		("NAMED_SEA_GULF_OF_BOTHNIA",				"CIVILIZATION_SWEDEN_FIX"),
		("NAMED_SEA_HANOBUKTEN",					"CIVILIZATION_SWEDEN_FIX"),
		("NAMED_SEA_KANHOLMSFJARDEN",				"CIVILIZATION_SWEDEN_FIX"),
		("NAMED_SEA_SALTSJON",						"CIVILIZATION_SWEDEN_FIX"),
		("NAMED_SEA_BLACK_SEA",						"CIVILIZATION_UKRAINE"),
		("NAMED_SEA_GULF_OF_THAILAND",				"CIVILIZATION_VIETNAM"),
		("NAMED_SEA_GULF_OF_TONKIN",				"CIVILIZATION_VIETNAM"),
		("NAMED_SEA_SOUTH_CHINA_SEA",				"CIVILIZATION_VIETNAM");
		
--------------------------------------------------------------------
-- NamedOceanCivilizations
--------------------------------------------------------------------
REPLACE INTO NamedOceanCivilizations
		(NamedOceanType,							CivilizationType)
VALUES	("NAMED_OCEAN_ANTARCTIC_OCEAN",				"CIVILIZATION_AUSTRALIA"),
		("NAMED_OCEAN_ANTARCTIC_OCEAN",				"CIVILIZATION_NEW_ZEALAND"),
		("NAMED_OCEAN_ARCTIC_OCEAN",				"CIVILIZATION_CANADA"),
		("NAMED_OCEAN_ARCTIC_OCEAN",				"CIVILIZATION_DENMARK"),
		("NAMED_OCEAN_ARCTIC_OCEAN",				"CIVILIZATION_FINLAND"),
		("NAMED_OCEAN_ARCTIC_OCEAN",				"CIVILIZATION_ICELAND"),
		("NAMED_OCEAN_ARCTIC_OCEAN",				"CIVILIZATION_NORWAY"),
		("NAMED_OCEAN_ARCTIC_OCEAN",				"CIVILIZATION_RUSSIA"),
		("NAMED_OCEAN_ARCTIC_OCEAN",				"CIVILIZATION_SWEDEN_FIX"),
		("NAMED_OCEAN_ATLANTIC_OCEAN",				"CIVILIZATION_ALGERIA"),
		("NAMED_OCEAN_ATLANTIC_OCEAN",				"CIVILIZATION_AMERICA"),
		("NAMED_OCEAN_ATLANTIC_OCEAN",				"CIVILIZATION_ANGOLA"),
		("NAMED_OCEAN_ATLANTIC_OCEAN",				"CIVILIZATION_ARGENTINA"),
		("NAMED_OCEAN_ATLANTIC_OCEAN",				"CIVILIZATION_BRAZIL"),
		("NAMED_OCEAN_ATLANTIC_OCEAN",				"CIVILIZATION_CANADA"),
		("NAMED_OCEAN_ATLANTIC_OCEAN",				"CIVILIZATION_COLOMBIA"),
		("NAMED_OCEAN_ATLANTIC_OCEAN",				"CIVILIZATION_CONGO"),
		("NAMED_OCEAN_ATLANTIC_OCEAN",				"CIVILIZATION_CUBA"),
		("NAMED_OCEAN_ATLANTIC_OCEAN",				"CIVILIZATION_FINLAND"),
		("NAMED_OCEAN_ATLANTIC_OCEAN",				"CIVILIZATION_FRANCE"),
		("NAMED_OCEAN_ATLANTIC_OCEAN",				"CIVILIZATION_GERMANY"),
		("NAMED_OCEAN_ATLANTIC_OCEAN",				"CIVILIZATION_GREECE"),
		("NAMED_OCEAN_ATLANTIC_OCEAN",				"CIVILIZATION_ICELAND"),
		("NAMED_OCEAN_ATLANTIC_OCEAN",				"CIVILIZATION_IRELAND"),
		("NAMED_OCEAN_ATLANTIC_OCEAN",				"CIVILIZATION_ISRAEL"),
		("NAMED_OCEAN_ATLANTIC_OCEAN",				"CIVILIZATION_ITALY"),
		("NAMED_OCEAN_ATLANTIC_OCEAN",				"CIVILIZATION_MALI"),
		("NAMED_OCEAN_ATLANTIC_OCEAN",				"CIVILIZATION_MEXICO"),
		("NAMED_OCEAN_ATLANTIC_OCEAN",				"CIVILIZATION_MOROCCO"),
		("NAMED_OCEAN_ATLANTIC_OCEAN",				"CIVILIZATION_NETHERLANDS"),
		("NAMED_OCEAN_ATLANTIC_OCEAN",				"CIVILIZATION_NIGERIA"),
		("NAMED_OCEAN_ATLANTIC_OCEAN",				"CIVILIZATION_NORWAY"),
		("NAMED_OCEAN_ATLANTIC_OCEAN",				"CIVILIZATION_POLAND"),
		("NAMED_OCEAN_ATLANTIC_OCEAN",				"CIVILIZATION_PORTUGAL"),
		("NAMED_OCEAN_ATLANTIC_OCEAN",				"CIVILIZATION_ROMANIA"),
		("NAMED_OCEAN_ATLANTIC_OCEAN",				"CIVILIZATION_SOUTH_AFRICA"),
		("NAMED_OCEAN_ATLANTIC_OCEAN",				"CIVILIZATION_SPAIN"),
		("NAMED_OCEAN_ATLANTIC_OCEAN",				"CIVILIZATION_SWEDEN_FIX"),
		("NAMED_OCEAN_ATLANTIC_OCEAN",				"CIVILIZATION_TURKEY"),
		("NAMED_OCEAN_ATLANTIC_OCEAN",				"CIVILIZATION_UK"),
		("NAMED_OCEAN_ATLANTIC_OCEAN",				"CIVILIZATION_UKRAINE"),
		("NAMED_OCEAN_ATLANTIC_OCEAN",				"CIVILIZATION_VENEZUELA"),
		("NAMED_OCEAN_INDIAN_OCEAN",				"CIVILIZATION_ARABIA"),
		("NAMED_OCEAN_INDIAN_OCEAN",				"CIVILIZATION_AUSTRALIA"),
		("NAMED_OCEAN_INDIAN_OCEAN",				"CIVILIZATION_EGYPT"),
		("NAMED_OCEAN_INDIAN_OCEAN",				"CIVILIZATION_ETHIOPIA"),
		("NAMED_OCEAN_INDIAN_OCEAN",				"CIVILIZATION_INDIA"),
		("NAMED_OCEAN_INDIAN_OCEAN",				"CIVILIZATION_INDONESIA"),
		("NAMED_OCEAN_INDIAN_OCEAN",				"CIVILIZATION_IRAN"),
		("NAMED_OCEAN_INDIAN_OCEAN",				"CIVILIZATION_IRAQ"),
		("NAMED_OCEAN_INDIAN_OCEAN",				"CIVILIZATION_ISRAEL"),
		("NAMED_OCEAN_INDIAN_OCEAN",				"CIVILIZATION_KAZAKHSTAN"),
		("NAMED_OCEAN_INDIAN_OCEAN",				"CIVILIZATION_KENYA"),
		("NAMED_OCEAN_INDIAN_OCEAN",				"CIVILIZATION_LIBYA"),
		("NAMED_OCEAN_INDIAN_OCEAN",				"CIVILIZATION_MADAGASCAR"),
		("NAMED_OCEAN_INDIAN_OCEAN",				"CIVILIZATION_MALAYSIA"),
		("NAMED_OCEAN_INDIAN_OCEAN",				"CIVILIZATION_MYANMAR"),
		("NAMED_OCEAN_INDIAN_OCEAN",				"CIVILIZATION_PAKISTAN"),
		("NAMED_OCEAN_INDIAN_OCEAN",				"CIVILIZATION_PHILIPPINES"),
		("NAMED_OCEAN_INDIAN_OCEAN",				"CIVILIZATION_SUDAN"),
		("NAMED_OCEAN_INDIAN_OCEAN",				"CIVILIZATION_TANZANIA"),
		("NAMED_OCEAN_INDIAN_OCEAN",				"CIVILIZATION_THAILAND"),
		("NAMED_OCEAN_INDIAN_OCEAN",				"CIVILIZATION_TURKEY"),
		("NAMED_OCEAN_INDIAN_OCEAN",				"CIVILIZATION_UZBEKISTAN"),
		("NAMED_OCEAN_INDIAN_OCEAN",				"CIVILIZATION_VIETNAM"),
		("NAMED_OCEAN_PACIFIC_OCEAN",				"CIVILIZATION_AMERICA"),
		("NAMED_OCEAN_PACIFIC_OCEAN",				"CIVILIZATION_AUSTRALIA"),
		("NAMED_OCEAN_PACIFIC_OCEAN",				"CIVILIZATION_CANADA"),
		("NAMED_OCEAN_PACIFIC_OCEAN",				"CIVILIZATION_CHILE"),
		("NAMED_OCEAN_PACIFIC_OCEAN",				"CIVILIZATION_CHINA_PRC"),
		("NAMED_OCEAN_PACIFIC_OCEAN",				"CIVILIZATION_CHINA_ROC"),
		("NAMED_OCEAN_PACIFIC_OCEAN",				"CIVILIZATION_COLOMBIA"),
		("NAMED_OCEAN_PACIFIC_OCEAN",				"CIVILIZATION_INDONESIA"),
		("NAMED_OCEAN_PACIFIC_OCEAN",				"CIVILIZATION_JAPAN"),
		("NAMED_OCEAN_PACIFIC_OCEAN",				"CIVILIZATION_MALAYSIA"),
		("NAMED_OCEAN_PACIFIC_OCEAN",				"CIVILIZATION_MEXICO"),
		("NAMED_OCEAN_PACIFIC_OCEAN",				"CIVILIZATION_MONGOLIA"),
		("NAMED_OCEAN_PACIFIC_OCEAN",				"CIVILIZATION_MYANMAR"),
		("NAMED_OCEAN_PACIFIC_OCEAN",				"CIVILIZATION_NEW_ZEALAND"),
		("NAMED_OCEAN_PACIFIC_OCEAN",				"CIVILIZATION_NORTH_KOREA"),
		("NAMED_OCEAN_PACIFIC_OCEAN",				"CIVILIZATION_PERU"),
		("NAMED_OCEAN_PACIFIC_OCEAN",				"CIVILIZATION_PHILIPPINES"),
		("NAMED_OCEAN_PACIFIC_OCEAN",				"CIVILIZATION_RUSSIA"),
		("NAMED_OCEAN_PACIFIC_OCEAN",				"CIVILIZATION_SOUTH_KOREA"),
		("NAMED_OCEAN_PACIFIC_OCEAN",				"CIVILIZATION_THAILAND"),
		("NAMED_OCEAN_PACIFIC_OCEAN",				"CIVILIZATION_VIETNAM");
