/*
	Named Places Configuration
	Authors: GameBoy2936
*/
-----------------------------------------------
-- Types
-----------------------------------------------
INSERT INTO Types
		(Type,										Kind)
VALUES  ("NAMED_RIVER_LOA",							"KIND_NAMED_RIVER"),
		("NAMED_RIVER_CACHAPOAL",					"KIND_NAMED_RIVER"),
		("NAMED_RIVER_BIO_BIO",						"KIND_NAMED_RIVER"),
		("NAMED_RIVER_MAULE",						"KIND_NAMED_RIVER"),
		("NAMED_RIVER_BUENO",						"KIND_NAMED_RIVER"),
		("NAMED_RIVER_PASCUA",						"KIND_NAMED_RIVER"),
		("NAMED_RIVER_MAIPO",						"KIND_NAMED_RIVER"),
		("NAMED_RIVER_LIMARI",						"KIND_NAMED_RIVER"),
		("NAMED_RIVER_GUDENA",						"KIND_NAMED_RIVER"),
		("NAMED_RIVER_KONGEAEN",					"KIND_NAMED_RIVER"),
		("NAMED_RIVER_ODENSE",						"KIND_NAMED_RIVER"),
		("NAMED_RIVER_POLEA",						"KIND_NAMED_RIVER"),
		("NAMED_RIVER_VARDE",						"KIND_NAMED_RIVER"),
		("NAMED_RIVER_SUSA",						"KIND_NAMED_RIVER"),
		("NAMED_RIVER_VEJLE",						"KIND_NAMED_RIVER"),
		("NAMED_RIVER_KEMIJOKI",					"KIND_NAMED_RIVER"),
		("NAMED_RIVER_IIJOKI",						"KIND_NAMED_RIVER"),
		("NAMED_RIVER_OUNASJOKI",					"KIND_NAMED_RIVER"),
		("NAMED_RIVER_KITINEN",						"KIND_NAMED_RIVER"),
		("NAMED_RIVER_LUIRO",						"KIND_NAMED_RIVER"),
		("NAMED_RIVER_KYMI",						"KIND_NAMED_RIVER"),
		("NAMED_RIVER_SIMOJOKI",					"KIND_NAMED_RIVER"),
		("NAMED_RIVER_THJORSA",				 		"KIND_NAMED_RIVER"),
		("NAMED_RIVER_HVITA",				 		"KIND_NAMED_RIVER"),
		("NAMED_RIVER_FNJOSKA",				 		"KIND_NAMED_RIVER"),
		("NAMED_RIVER_KUTHAFLJOT",				 	"KIND_NAMED_RIVER"),
		("NAMED_RIVER_SKJALFANDAFLJOT",			 	"KIND_NAMED_RIVER"),
		("NAMED_RIVER_JOKULSA_A_FJOLLUM",	 		"KIND_NAMED_RIVER"),
		("NAMED_RIVER_JOKULSA_A_DAL",		 		"KIND_NAMED_RIVER"),
		("NAMED_RIVER_ADIGE",						"KIND_NAMED_RIVER"),
		("NAMED_RIVER_OGLIO",						"KIND_NAMED_RIVER"),
		("NAMED_RIVER_PIAVE",						"KIND_NAMED_RIVER"),
		("NAMED_RIVER_RENO",						"KIND_NAMED_RIVER"),
		("NAMED_RIVER_TAGLIAMENTO",					"KIND_NAMED_RIVER"),
		("NAMED_RIVER_TANARO",						"KIND_NAMED_RIVER"),
		("NAMED_RIVER_MANGOKY",				    	"KIND_NAMED_RIVER"),
		("NAMED_RIVER_ONILAHY",				    	"KIND_NAMED_RIVER"),
		("NAMED_RIVER_BETSIBOKA",					"KIND_NAMED_RIVER"),
		("NAMED_RIVER_MATSIATRA",					"KIND_NAMED_RIVER"),
		("NAMED_RIVER_MANAMBOLO",		       	 	"KIND_NAMED_RIVER"),
		("NAMED_RIVER_MANANANTANANA",				"KIND_NAMED_RIVER"),
		("NAMED_RIVER_IKOSY",			        	"KIND_NAMED_RIVER"),
		("NAMED_RIVER_KLANG",						"KIND_NAMED_RIVER"),
		("NAMED_RIVER_PAHANG",						"KIND_NAMED_RIVER"),
		("NAMED_RIVER_PERAK",						"KIND_NAMED_RIVER"),
		("NAMED_RIVER_RAJANG",						"KIND_NAMED_RIVER"),
		("NAMED_RIVER_KINABATANGAN",				"KIND_NAMED_RIVER"),
		("NAMED_RIVER_KELANTAN",					"KIND_NAMED_RIVER"),
		("NAMED_RIVER_OSUN",						"KIND_NAMED_RIVER"),
		("NAMED_RIVER_IMO",							"KIND_NAMED_RIVER"),
		("NAMED_RIVER_CROSS",						"KIND_NAMED_RIVER"),
		("NAMED_RIVER_YOBE",						"KIND_NAMED_RIVER"),
		("NAMED_RIVER_BENUE",						"KIND_NAMED_RIVER"),
		("NAMED_RIVER_SOKOTO",						"KIND_NAMED_RIVER"),
		("NAMED_RIVER_PASIG",						"KIND_NAMED_RIVER"),
		("NAMED_RIVER_AGUSAN",						"KIND_NAMED_RIVER"),
		("NAMED_RIVER_CAGAYAN",						"KIND_NAMED_RIVER"),
		("NAMED_RIVER_MINDANAO",					"KIND_NAMED_RIVER"),
		("NAMED_RIVER_PAMPANGA",					"KIND_NAMED_RIVER"),
		("NAMED_RIVER_MURES",						"KIND_NAMED_RIVER"),
		("NAMED_RIVER_PRUT",						"KIND_NAMED_RIVER"),
		("NAMED_RIVER_OLT",							"KIND_NAMED_RIVER"),
		("NAMED_RIVER_SIRET",						"KIND_NAMED_RIVER"),
		("NAMED_RIVER_IALOMITA",					"KIND_NAMED_RIVER"),
		("NAMED_RIVER_SOMES",						"KIND_NAMED_RIVER"),
		("NAMED_RIVER_ARGES",						"KIND_NAMED_RIVER"),
		("NAMED_RIVER_JIU",							"KIND_NAMED_RIVER"),
		("NAMED_RIVER_BUZAU",						"KIND_NAMED_RIVER"),
		("NAMED_RIVER_DAMBOVITA",					"KIND_NAMED_RIVER"),
        ("NAMED_RIVER_CHAO_PHRAYA",					"KIND_NAMED_RIVER"),
		("NAMED_RIVER_PING",						"KIND_NAMED_RIVER"),
		("NAMED_RIVER_NAN",							"KIND_NAMED_RIVER"),
		("NAMED_RIVER_WANG",						"KIND_NAMED_RIVER"),
		("NAMED_RIVER_YOM",							"KIND_NAMED_RIVER"),
		("NAMED_RIVER_PA_SAK",						"KIND_NAMED_RIVER"),
		("NAMED_RIVER_MUN",							"KIND_NAMED_RIVER"),
		("NAMED_MOUNTAIN_NEVADO",					"KIND_NAMED_MOUNTAIN"),
		("NAMED_MOUNTAIN_TUPUNGATO",				"KIND_NAMED_MOUNTAIN"),
		("NAMED_MOUNTAIN_EL_MUERTO",				"KIND_NAMED_MOUNTAIN"),
		("NAMED_MOUNTAIN_PARINACOTA",				"KIND_NAMED_MOUNTAIN"),
		("NAMED_MOUNTAIN_POMERAPE",					"KIND_NAMED_MOUNTAIN"),
		("NAMED_MOUNTAIN_TRES",						"KIND_NAMED_MOUNTAIN"),
		("NAMED_MOUNTAIN_OLIVARES",					"KIND_NAMED_MOUNTAIN"),
		("NAMED_MOUNTAIN_ALTO",						"KIND_NAMED_MOUNTAIN"),
		("NAMED_MOUNTAIN_MARMOLEJO",				"KIND_NAMED_MOUNTAIN"),
		("NAMED_MOUNTAIN_SAN_PABLO",				"KIND_NAMED_MOUNTAIN"),
		("NAMED_MOUNTAIN_MOLLEHOJ",					"KIND_NAMED_MOUNTAIN"),
		("NAMED_MOUNTAIN_YDING",					"KIND_NAMED_MOUNTAIN"),
		("NAMED_MOUNTAIN_EJER",						"KIND_NAMED_MOUNTAIN"),
		("NAMED_MOUNTAIN_LINDBJERG",				"KIND_NAMED_MOUNTAIN"),
		("NAMED_MOUNTAIN_MARGRETELYST",				"KIND_NAMED_MOUNTAIN"),
		("NAMED_MOUNTAIN_VISTOFTE",					"KIND_NAMED_MOUNTAIN"),
		("NAMED_MOUNTAIN_RYTTERKNAEGTEN",			"KIND_NAMED_MOUNTAIN"),
		("NAMED_MOUNTAIN_HIMMELBJERGET",			"KIND_NAMED_MOUNTAIN"),
		("NAMED_MOUNTAIN_ABORREBJERG",				"KIND_NAMED_MOUNTAIN"),
		("NAMED_MOUNTAIN_KARELIDES",				"KIND_NAMED_MOUNTAIN"),
		("NAMED_MOUNTAIN_SCANDINADIVAN",			"KIND_NAMED_MOUNTAIN"),
		("NAMED_MOUNTAIN_ESJAN",			 		"KIND_NAMED_MOUNTAIN"),
		("NAMED_MOUNTAIN_HOFSJOKULL",		 		"KIND_NAMED_MOUNTAIN"),
		("NAMED_MOUNTAIN_VATNAJOKULL",		 		"KIND_NAMED_MOUNTAIN"),
		("NAMED_MOUNTAIN_LANGJOKULL",		 		"KIND_NAMED_MOUNTAIN"),
		("NAMED_MOUNTAIN_MYRDALSJOKULL",	 		"KIND_NAMED_MOUNTAIN"),
		("NAMED_MOUNTAIN_LANDMANNALAUGAR",	 		"KIND_NAMED_MOUNTAIN"),
		("NAMED_MOUNTAIN_TSARATANANA",				"KIND_NAMED_MOUNTAIN"),
		("NAMED_MOUNTAIN_ANKARATRA",				"KIND_NAMED_MOUNTAIN"),
		("NAMED_MOUNTAIN_TSIAFAJAVONA",				"KIND_NAMED_MOUNTAIN"),
		("NAMED_MOUNTAIN_ANDRINGITRA",				"KIND_NAMED_MOUNTAIN"),
		("NAMED_MOUNTAIN_ZAMBALES",					"KIND_NAMED_MOUNTAIN"),
		("NAMED_MOUNTAIN_SIERRA_PHILIPPINES",		"KIND_NAMED_MOUNTAIN"),
		("NAMED_MOUNTAIN_CARABALLO",				"KIND_NAMED_MOUNTAIN"),
		("NAMED_MOUNTAIN_CORDILLERA_CENTRAL",		"KIND_NAMED_MOUNTAIN"),
		("NAMED_MOUNTAIN_ALMAJ",		 			"KIND_NAMED_MOUNTAIN"),
		("NAMED_MOUNTAIN_BIHOR",					"KIND_NAMED_MOUNTAIN"),
		("NAMED_MOUNTAIN_BUCEGI",					"KIND_NAMED_MOUNTAIN"),
		("NAMED_MOUNTAIN_FAGARAS",					"KIND_NAMED_MOUNTAIN"),
		("NAMED_MOUNTAIN_GODEANU",					"KIND_NAMED_MOUNTAIN"),
		("NAMED_MOUNTAIN_RETEZAT",	 				"KIND_NAMED_MOUNTAIN"),
		("NAMED_MOUNTAIN_VRANCEA",	 				"KIND_NAMED_MOUNTAIN"),
		("NAMED_MOUNTAIN_SUREANU",	 				"KIND_NAMED_MOUNTAIN"),
		("NAMED_MOUNTAIN_TARCU",		 			"KIND_NAMED_MOUNTAIN"),
		("NAMED_MOUNTAIN_DAEN_LAO",					"KIND_NAMED_MOUNTAIN"),
		("NAMED_MOUNTAIN_LUANG_PRABANG",			"KIND_NAMED_MOUNTAIN"),
		("NAMED_MOUNTAIN_THANON_THONG_CHAI",		"KIND_NAMED_MOUNTAIN"),
		("NAMED_MOUNTAIN_PHI_PAN_NAM",				"KIND_NAMED_MOUNTAIN"),
		("NAMED_MOUNTAIN_PETCHABUN",				"KIND_NAMED_MOUNTAIN"),
		("NAMED_MOUNTAIN_SANKHAMPHAENG",			"KIND_NAMED_MOUNTAIN"),
		("NAMED_MOUNTAIN_BANTHAT",					"KIND_NAMED_MOUNTAIN"),
		("NAMED_MOUNTAIN_SANKALAKHIRI",				"KIND_NAMED_MOUNTAIN"),
		("NAMED_MOUNTAIN_TENASSERIM",				"KIND_NAMED_MOUNTAIN"),
		("NAMED_VOLCANO_OJOS",						"KIND_NAMED_VOLCANO"),
		("NAMED_VOLCANO_LLULLAILLACO",				"KIND_NAMED_VOLCANO"),
		("NAMED_VOLCANO_INCAHUASI",					"KIND_NAMED_VOLCANO"),
		("NAMED_VOLCANO_TUPUNGATO",					"KIND_NAMED_VOLCANO"),
		("NAMED_VOLCANO_PARINACOTA",				"KIND_NAMED_VOLCANO"),
		("NAMED_VOLCANO_PULAR",						"KIND_NAMED_VOLCANO"),
		("NAMED_VOLCANO_EL_SOLO",					"KIND_NAMED_VOLCANO"),
		("NAMED_VOLCANO_AUCANQUILCHA",				"KIND_NAMED_VOLCANO"),
		("NAMED_VOLCANO_SAN_PEDRO",					"KIND_NAMED_VOLCANO"),
		("NAMED_VOLCANO_SIERRA_NEVADA",				"KIND_NAMED_VOLCANO"),
		("NAMED_VOLCANO_WALLATIRI",					"KIND_NAMED_VOLCANO"),
		("NAMED_VOLCANO_ACOTANGO",					"KIND_NAMED_VOLCANO"),
		("NAMED_VOLCANO_AITOLAHTI",					"KIND_NAMED_VOLCANO"),
		("NAMED_VOLCANO_HEKLA",				 		"KIND_NAMED_VOLCANO"),
		("NAMED_VOLCANO_BARTHARBUNGA",		 		"KIND_NAMED_VOLCANO"),
		("NAMED_VOLCANO_KATLA",				 		"KIND_NAMED_VOLCANO"),
		("NAMED_VOLCANO_KRAFLA_CALDERA",	 		"KIND_NAMED_VOLCANO"),
		("NAMED_VOLCANO_ASKJA_CALDERA",		 		"KIND_NAMED_VOLCANO"),
		("NAMED_VOLCANO_ELDFELL",			 		"KIND_NAMED_VOLCANO"),
		("NAMED_VOLCANO_THRIHNJUKAGIGUR",	 		"KIND_NAMED_VOLCANO"),
        ("NAMED_VOLCANO_BOBAOMBY",					"KIND_NAMED_VOLCANO"),
		("NAMED_VOLCANO_ANKAIZINA",			    	"KIND_NAMED_VOLCANO"),
		("NAMED_VOLCANO_ANKARATRA",			    	"KIND_NAMED_VOLCANO"),
		("NAMED_VOLCANO_ITASY",		           		"KIND_NAMED_VOLCANO"),
		("NAMED_VOLCANO_NOSYBE",		        	"KIND_NAMED_VOLCANO"),
        ("NAMED_VOLCANO_MAYON",						"KIND_NAMED_VOLCANO"),
		("NAMED_VOLCANO_PINATUBO",			    	"KIND_NAMED_VOLCANO"),
		("NAMED_VOLCANO_TAAL",			    		"KIND_NAMED_VOLCANO"),
		("NAMED_VOLCANO_BULUSAN",		           	"KIND_NAMED_VOLCANO"),
		("NAMED_VOLCANO_KANLAON",		        	"KIND_NAMED_VOLCANO"),
        ("NAMED_VOLCANO_HIBOK_HIBOK",				"KIND_NAMED_VOLCANO"),
		("NAMED_VOLCANO_CIOMADUL",					"KIND_NAMED_VOLCANO"),
		("NAMED_VOLCANO_DOI_PHA_KHOK_HIN_FUU",		"KIND_NAMED_VOLCANO"),
		("NAMED_DESERT_ATACAMA",					"KIND_NAMED_DESERT"),
		("NAMED_DESERT_MONTE",						"KIND_NAMED_DESERT"),
		("NAMED_DESERT_PATAGONIAN",					"KIND_NAMED_DESERT"),
		("NAMED_DESERT_KHARAN",						"KIND_NAMED_DESERT"),
		("NAMED_DESERT_CHOLISTAN",					"KIND_NAMED_DESERT"),
		("NAMED_LAKE_GENERAL_CARRERA",				"KIND_NAMED_LAKE"),
		("NAMED_LAKE_LLANQUIHUE",					"KIND_NAMED_LAKE"),
		("NAMED_LAKE_OHIGGINS",						"KIND_NAMED_LAKE"),
		("NAMED_LAKE_RANCO",						"KIND_NAMED_LAKE"),
		("NAMED_LAKE_PRESIDENTE_RIOS",				"KIND_NAMED_LAKE"),
		("NAMED_LAKE_GREVE",						"KIND_NAMED_LAKE"),
		("NAMED_LAKE_RUPANCO",						"KIND_NAMED_LAKE"),
		("NAMED_LAKE_DEL_TORO",						"KIND_NAMED_LAKE"),
		("NAMED_LAKE_VILLARRICA",					"KIND_NAMED_LAKE"),
		("NAMED_LAKE_TODOS",						"KIND_NAMED_LAKE"),
		("NAMED_LAKE_ARRESO",						"KIND_NAMED_LAKE"),
		("NAMED_LAKE_ESRUM",						"KIND_NAMED_LAKE"),
		("NAMED_LAKE_STADIL",						"KIND_NAMED_LAKE"),
		("NAMED_LAKE_MOSSO",						"KIND_NAMED_LAKE"),
		("NAMED_LAKE_SALTBAEK",						"KIND_NAMED_LAKE"),
		("NAMED_LAKE_TISSO",						"KIND_NAMED_LAKE"),
		("NAMED_LAKE_FURESO",						"KIND_NAMED_LAKE"),
		("NAMED_LAKE_SKANDERBORG",					"KIND_NAMED_LAKE"),
		("NAMED_LAKE_ROINE",						"KIND_NAMED_LAKE"),
		("NAMED_LAKE_SAIMAA",						"KIND_NAMED_LAKE"),
		("NAMED_LAKE_PAIJANNE",						"KIND_NAMED_LAKE"),
		("NAMED_LAKE_INARI",						"KIND_NAMED_LAKE"),
		("NAMED_LAKE_OULUJARVI",					"KIND_NAMED_LAKE"),
		("NAMED_LAKE_PIELINEN",						"KIND_NAMED_LAKE"),
		("NAMED_LAKE_PIHLAJAVESI",					"KIND_NAMED_LAKE"),
		("NAMED_LAKE_ORIVESI",						"KIND_NAMED_LAKE"),
		("NAMED_LAKE_HAUKIVESI",					"KIND_NAMED_LAKE"),
		("NAMED_LAKE_PYHASELKA",					"KIND_NAMED_LAKE"),
		("NAMED_LAKE_PUULA",						"KIND_NAMED_LAKE"),
		("NAMED_LAKE_HOYTIANEN",					"KIND_NAMED_LAKE"),
		("NAMED_LAKE_THINGVALLAVATN",			 	"KIND_NAMED_LAKE"),
		("NAMED_LAKE_MYVATN",					 	"KIND_NAMED_LAKE"),
		("NAMED_LAKE_KERITH",					 	"KIND_NAMED_LAKE"),
		("NAMED_LAKE_OSKJUVATN",				 	"KIND_NAMED_LAKE"),
		("NAMED_LAKE_JOKULSARLON",				 	"KIND_NAMED_LAKE"),
		("NAMED_LAKE_LAGARFLJOT",				 	"KIND_NAMED_LAKE"),
		("NAMED_LAKE_HVITARVATN",				 	"KIND_NAMED_LAKE"),
		("NAMED_LAKE_ALAOTRA",		        		"KIND_NAMED_LAKE"),
		("NAMED_LAKE_KINKONY",						"KIND_NAMED_LAKE"),
		("NAMED_LAKE_TSIMANAPETSOTSOA",				"KIND_NAMED_LAKE"),
		("NAMED_LAKE_ANOSY",						"KIND_NAMED_LAKE"),
		("NAMED_LAKE_IHOTRY",						"KIND_NAMED_LAKE"),
		("NAMED_LAKE_CHAD",							"KIND_NAMED_LAKE"),
		("NAMED_LAKE_KAINJI",						"KIND_NAMED_LAKE"),
		("NAMED_LAKE_LAGUNA_DE_BAY",				"KIND_NAMED_LAKE"),
		("NAMED_LAKE_LANAO",						"KIND_NAMED_LAKE"),
		("NAMED_LAKE_LAIKE_MAINIT",					"KIND_NAMED_LAKE"),
		("NAMED_LAKE_NAUJAN",						"KIND_NAMED_LAKE"),
		("NAMED_LAKE_BULUAN",						"KIND_NAMED_LAKE"),
		("NAMED_LAKE_BATO",							"KIND_NAMED_LAKE"),
		("NAMED_LAKE_BUHI",							"KIND_NAMED_LAKE"),
		("NAMED_LAKE_BALEA",						"KIND_NAMED_LAKE"),
		("NAMED_LAKE_RAZIM",						"KIND_NAMED_LAKE"),
		("NAMED_LAKE_ROSU",							"KIND_NAMED_LAKE"),
		("NAMED_LAKE_TAUL_TAPULUI",					"KIND_NAMED_LAKE"),
        ("NAMED_LAKE_BUENG_BORAPHET",		        "KIND_NAMED_LAKE"),
		("NAMED_LAKE_SONGKHLA",				        "KIND_NAMED_LAKE"),
		("NAMED_LAKE_PHAYAO",				        "KIND_NAMED_LAKE"),
		("NAMED_LAKE_NONG_HAN",				        "KIND_NAMED_LAKE"),
		("NAMED_SEA_CHILEAN_SEA",					"KIND_NAMED_SEA"),
		("NAMED_SEA_ORESUND",						"KIND_NAMED_SEA"),
		("NAMED_SEA_GULF_OF_BOTHNIA",				"KIND_NAMED_SEA"),
		("NAMED_SEA_GULF_OF_FINLAND",				"KIND_NAMED_SEA"),
		("NAMED_SEA_BAKKAFLOI",					 	"KIND_NAMED_SEA"),
		("NAMED_SEA_FAXAFLOI",					 	"KIND_NAMED_SEA"),
		("NAMED_SEA_GRUNNAVIK",					 	"KIND_NAMED_SEA"),
		("NAMED_SEA_HERADSFLOI",				 	"KIND_NAMED_SEA"),
		("NAMED_SEA_HUNAFLOI",					 	"KIND_NAMED_SEA"),
		("NAMED_SEA_THISTILFJORTHUR",			 	"KIND_NAMED_SEA"),
		("NAMED_SEA_BREITHAFJORTHUR",			 	"KIND_NAMED_SEA"),
		("NAMED_SEA_ISAFJARTHARDJUP",			 	"KIND_NAMED_SEA"),
		("NAMED_SEA_SKAGAFJORTHUR",				 	"KIND_NAMED_SEA"),
		("NAMED_SEA_EYJAFJORTHUR",			    	"KIND_NAMED_SEA"),
		("NAMED_SEA_VISAYAN_SEA",					"KIND_NAMED_SEA"),
		("NAMED_SEA_CAMOTES_SEA",					"KIND_NAMED_SEA"),
		("NAMED_SEA_SIBUYAN_SEA",					"KIND_NAMED_SEA"),
		("NAMED_SEA_SAMAR_SEA",				 		"KIND_NAMED_SEA"),
		("NAMED_SEA_MORO_GULF",					 	"KIND_NAMED_SEA"),
		("NAMED_SEA_LEYTE_GULF",			 		"KIND_NAMED_SEA"),
		("NAMED_SEA_LINGAYEN_GULF",			 		"KIND_NAMED_SEA"),
		("NAMED_SEA_DAVAO_GULF",			 		"KIND_NAMED_SEA"),
		("NAMED_SEA_PANAY_GULF",				 	"KIND_NAMED_SEA"),
		("NAMED_SEA_LUZON_STRAIT",			    	"KIND_NAMED_SEA"),
		("NAMED_SEA_SIBUTU_PASSAGE",			    "KIND_NAMED_SEA"),
		("NAMED_SEA_MANILA_BAY",			    	"KIND_NAMED_SEA"),
		("NAMED_SEA_BUTUAN_BAY",			    	"KIND_NAMED_SEA"),
		("NAMED_SEA_KRUNG_THEP_BAY",		        "KIND_NAMED_SEA"),
		("NAMED_SEA_PHANG_NGA_BAY",			        "KIND_NAMED_SEA"),
		("NAMED_SEA_PRACHUAP_BAY",			        "KIND_NAMED_SEA"),
		("NAMED_SEA_SATTAHIP_BAY",			        "KIND_NAMED_SEA"),
		("NAMED_SEA_BANDON_BAY",			        "KIND_NAMED_SEA"),
		("NAMED_SEA_MANAO_BAY",				        "KIND_NAMED_SEA");
-----------------------------------------------
-- NamedRivers

-- This list of locally-referenced values ensures that flavour text is displayed wherever a named river has been linked to your custom civilization.

-- All Name references have a corresponding entry in NamesText.sql.

-- This is an optional section and only required if there are new, custom river names defined in the NamedRiverCivilizations, below.
-----------------------------------------------
REPLACE INTO NamedRivers
		(NamedRiverType,						Name)
VALUES	("NAMED_RIVER_LOA",						"LOC_NAMED_RIVER_LOA_NAME"),
		("NAMED_RIVER_CACHAPOAL",				"LOC_NAMED_RIVER_CACHAPOAL_NAME"),
		("NAMED_RIVER_BIO_BIO",					"LOC_NAMED_RIVER_BIO_BIO_NAME"),
		("NAMED_RIVER_MAULE",					"LOC_NAMED_RIVER_MAULE_NAME"),
		("NAMED_RIVER_BUENO",					"LOC_NAMED_RIVER_BUENO_NAME"),
		("NAMED_RIVER_PASCUA",					"LOC_NAMED_RIVER_PASCUA_NAME"),
		("NAMED_RIVER_MAIPO",					"LOC_NAMED_RIVER_MAIPO_NAME"),
		("NAMED_RIVER_LIMARI",					"LOC_NAMED_RIVER_LIMARI_NAME"),
		("NAMED_RIVER_GUDENA",					"LOC_NAMED_RIVER_GUDENA_NAME"),
		("NAMED_RIVER_KONGEAEN",				"LOC_NAMED_RIVER_KONGEAEN_NAME"),
		("NAMED_RIVER_ODENSE",					"LOC_NAMED_RIVER_ODENSE_NAME"),
		("NAMED_RIVER_POLEA",					"LOC_NAMED_RIVER_POLEA_NAME"),
		("NAMED_RIVER_VARDE",					"LOC_NAMED_RIVER_VARDE_NAME"),
		("NAMED_RIVER_SUSA",					"LOC_NAMED_RIVER_SUSA_NAME"),
		("NAMED_RIVER_VEJLE",					"LOC_NAMED_RIVER_VEJLE_NAME"),
		("NAMED_RIVER_KEMIJOKI",				"LOC_NAMED_RIVER_KEMIJOKI_NAME"),
		("NAMED_RIVER_IIJOKI",					"LOC_NAMED_RIVER_IIJOKI_NAME"),
		("NAMED_RIVER_OUNASJOKI",				"LOC_NAMED_RIVER_OUNASJOKI_NAME"),
		("NAMED_RIVER_KITINEN",					"LOC_NAMED_RIVER_KITINEN_NAME"),
		("NAMED_RIVER_LUIRO",					"LOC_NAMED_RIVER_LUIRO_NAME"),
		("NAMED_RIVER_KYMI",					"LOC_NAMED_RIVER_KYMI_NAME"),
		("NAMED_RIVER_SIMOJOKI",				"LOC_NAMED_RIVER_SIMOJOKI_NAME"),
		("NAMED_RIVER_THJORSA",					"LOC_NAMED_RIVER_THJORSA_NAME"),
		("NAMED_RIVER_HVITA",					"LOC_NAMED_RIVER_HVITA_NAME"),
		("NAMED_RIVER_FNJOSKA",					"LOC_NAMED_RIVER_FNJOSKA_NAME"),
		("NAMED_RIVER_KUTHAFLJOT",				"LOC_NAMED_RIVER_KUTHAFLJOT_NAME"),
		("NAMED_RIVER_SKJALFANDAFLJOT",			"LOC_NAMED_RIVER_SKJALFANDAFLJOT_NAME"),
		("NAMED_RIVER_JOKULSA_A_FJOLLUM",		"LOC_NAMED_RIVER_JOKULSA_A_FJOLLUM_NAME"),
		("NAMED_RIVER_JOKULSA_A_DAL",			"LOC_NAMED_RIVER_JOKULSA_A_DAL_NAME"),
		("NAMED_RIVER_ADIGE",					"LOC_NAMED_RIVER_ADIGE_NAME"),
		("NAMED_RIVER_OGLIO",					"LOC_NAMED_RIVER_OGLIO_NAME"),
		("NAMED_RIVER_PIAVE",					"LOC_NAMED_RIVER_PIAVE_NAME"),
		("NAMED_RIVER_RENO",					"LOC_NAMED_RIVER_RENO_NAME"),
		("NAMED_RIVER_TAGLIAMENTO",				"LOC_NAMED_RIVER_TAGLIAMENTO_NAME"),
		("NAMED_RIVER_TANARO",					"LOC_NAMED_RIVER_TANARO_NAME"),
		("NAMED_RIVER_MANGOKY",				    "LOC_NAMED_RIVER_MANGOKY_NAME"),
		("NAMED_RIVER_ONILAHY",				    "LOC_NAMED_RIVER_ONILAHY_NAME"),
		("NAMED_RIVER_BETSIBOKA",				"LOC_NAMED_RIVER_BETSIBOKA_NAME"),
		("NAMED_RIVER_MATSIATRA",				"LOC_NAMED_RIVER_MATSIATRA_NAME"),
		("NAMED_RIVER_MANAMBOLO",		        "LOC_NAMED_RIVER_MANAMBOLO_NAME"),
		("NAMED_RIVER_MANANANTANANA",		    "LOC_NAMED_RIVER_MANANANTANANA_NAME"),
		("NAMED_RIVER_IKOSY",			        "LOC_NAMED_RIVER_IKOSY_NAME"),
		("NAMED_RIVER_KLANG",					"LOC_NAMED_RIVER_KLANG_NAME"),
		("NAMED_RIVER_PAHANG",					"LOC_NAMED_RIVER_PAHANG_NAME"),
		("NAMED_RIVER_PERAK",					"LOC_NAMED_RIVER_PERAK_NAME"),
		("NAMED_RIVER_RAJANG",					"LOC_NAMED_RIVER_RAJANG_NAME"),
		("NAMED_RIVER_KINABATANGAN",			"LOC_NAMED_RIVER_KINABATANGAN_NAME"),
		("NAMED_RIVER_KELANTAN",				"LOC_NAMED_RIVER_KELANTAN_NAME"),
		("NAMED_RIVER_OSUN",					"LOC_NAMED_RIVER_OSUN_NAME"),
		("NAMED_RIVER_IMO",						"LOC_NAMED_RIVER_IMO_NAME"),
		("NAMED_RIVER_CROSS",					"LOC_NAMED_RIVER_CROSS_NAME"),
		("NAMED_RIVER_YOBE",					"LOC_NAMED_RIVER_YOBE_NAME"),
		("NAMED_RIVER_BENUE",					"LOC_NAMED_RIVER_BENUE_NAME"),
		("NAMED_RIVER_SOKOTO",					"LOC_NAMED_RIVER_SOKOTO_NAME"),
		("NAMED_RIVER_PASIG",					"LOC_NAMED_RIVER_MAULE_NAME"),
		("NAMED_RIVER_AGUSAN",					"LOC_NAMED_RIVER_BUENO_NAME"),
		("NAMED_RIVER_CAGAYAN",					"LOC_NAMED_RIVER_PASCUA_NAME"),
		("NAMED_RIVER_MINDANAO",				"LOC_NAMED_RIVER_MAIPO_NAME"),
		("NAMED_RIVER_PAMPANGA",				"LOC_NAMED_RIVER_LIMARI_NAME"),
		("NAMED_RIVER_MURES",					"LOC_NAMED_RIVER_MURES_NAME"),
		("NAMED_RIVER_PRUT",					"LOC_NAMED_RIVER_PRUT_NAME"),
		("NAMED_RIVER_OLT",						"LOC_NAMED_RIVER_OLT_NAME"),
		("NAMED_RIVER_SIRET",					"LOC_NAMED_RIVER_SIRET_NAME"),
		("NAMED_RIVER_IALOMITA",				"LOC_NAMED_RIVER_IALOMITA_NAME"),
		("NAMED_RIVER_SOMES",					"LOC_NAMED_RIVER_SOMES_NAME"),
		("NAMED_RIVER_ARGES",					"LOC_NAMED_RIVER_ARGES_NAME"),
		("NAMED_RIVER_JIU",						"LOC_NAMED_RIVER_JIU_NAME"),
		("NAMED_RIVER_BUZAU",					"LOC_NAMED_RIVER_BUZAU_NAME"),
		("NAMED_RIVER_DAMBOVITA",				"LOC_NAMED_RIVER_DAMBOVITA_NAME"),
		("NAMED_RIVER_CHAO_PHRAYA",		        "LOC_NAMED_RIVER_CHAO_PHRAYA_NAME"),
		("NAMED_RIVER_PING",			        "LOC_NAMED_RIVER_PING_NAME"),
		("NAMED_RIVER_NAN",				        "LOC_NAMED_RIVER_NAN_NAME"),
		("NAMED_RIVER_WANG",			        "LOC_NAMED_RIVER_WANG_NAME"),
		("NAMED_RIVER_YOM",				        "LOC_NAMED_RIVER_YOM_NAME"),
		("NAMED_RIVER_PA_SAK",			        "LOC_NAMED_RIVER_PA_SAK_NAME"),
		("NAMED_RIVER_MUN",				        "LOC_NAMED_RIVER_MUN_NAME");

-----------------------------------------------
-- NamedRiverCivilizations

-- This ties named rivers to your custom civilization. This is optional. The entries for NamedRiverType can either be new, custom rivers or those that exist in the Gathering Storm (Expansion2) files.

-- Please note: prior to the Gathering Storm update, it does not appear that this function was used to geographically flavour the game"s existing civilizations.
-----------------------------------------------
INSERT INTO NamedRiverCivilizations
		(NamedRiverType,						CivilizationType)
VALUES	("NAMED_RIVER_LOA",						"CIVILIZATION_CHILE"),
		("NAMED_RIVER_CACHAPOAL",				"CIVILIZATION_CHILE"),
		("NAMED_RIVER_BIO_BIO",					"CIVILIZATION_CHILE"),
		("NAMED_RIVER_MAULE",					"CIVILIZATION_CHILE"),
		("NAMED_RIVER_BUENO",					"CIVILIZATION_CHILE"),
		("NAMED_RIVER_PASCUA",					"CIVILIZATION_CHILE"),
		("NAMED_RIVER_MAIPO",					"CIVILIZATION_CHILE"),
		("NAMED_RIVER_LIMARI",					"CIVILIZATION_CHILE"),
		("NAMED_RIVER_GUDENA",					"CIVILIZATION_DENMARK"),
		("NAMED_RIVER_KONGEAEN",				"CIVILIZATION_DENMARK"),
		("NAMED_RIVER_ODENSE",					"CIVILIZATION_DENMARK"),
		("NAMED_RIVER_POLEA",					"CIVILIZATION_DENMARK"),
		("NAMED_RIVER_VARDE",					"CIVILIZATION_DENMARK"),
		("NAMED_RIVER_SUSA",					"CIVILIZATION_DENMARK"),
		("NAMED_RIVER_VEJLE",					"CIVILIZATION_DENMARK"),
		("NAMED_RIVER_KEMIJOKI",				"CIVILIZATION_FINLAND"),
		("NAMED_RIVER_IIJOKI",					"CIVILIZATION_FINLAND"),
		("NAMED_RIVER_OUNASJOKI",				"CIVILIZATION_FINLAND"),
		("NAMED_RIVER_KITINEN",					"CIVILIZATION_FINLAND"),
		("NAMED_RIVER_LUIRO",					"CIVILIZATION_FINLAND"),
		("NAMED_RIVER_KYMI",					"CIVILIZATION_FINLAND"),
		("NAMED_RIVER_SIMOJOKI",				"CIVILIZATION_FINLAND"),
		("NAMED_RIVER_THJORSA",					"CIVILIZATION_ICELAND"),
		("NAMED_RIVER_HVITA",					"CIVILIZATION_ICELAND"),
		("NAMED_RIVER_FNJOSKA",					"CIVILIZATION_ICELAND"),
		("NAMED_RIVER_KUTHAFLJOT",				"CIVILIZATION_ICELAND"),
		("NAMED_RIVER_SKJALFANDAFLJOT",			"CIVILIZATION_ICELAND"),
		("NAMED_RIVER_JOKULSA_A_FJOLLUM",		"CIVILIZATION_ICELAND"),
		("NAMED_RIVER_JOKULSA_A_DAL",			"CIVILIZATION_ICELAND"),
		("NAMED_RIVER_ADIGE",					"CIVILIZATION_ITALY"),
		("NAMED_RIVER_ARNO_RIVER",				"CIVILIZATION_ITALY"),
		("NAMED_RIVER_OFANTO_RIVER",			"CIVILIZATION_ITALY"),
		("NAMED_RIVER_OGLIO",					"CIVILIZATION_ITALY"),
		("NAMED_RIVER_PIAVE",					"CIVILIZATION_ITALY"),
		("NAMED_RIVER_PO",						"CIVILIZATION_ITALY"),
		("NAMED_RIVER_RENO",					"CIVILIZATION_ITALY"),
		("NAMED_RIVER_TAGLIAMENTO",				"CIVILIZATION_ITALY"),
		("NAMED_RIVER_TANARO",					"CIVILIZATION_ITALY"),
		("NAMED_RIVER_TIBER",					"CIVILIZATION_ITALY"),
		("NAMED_RIVER_MANGOKY",				    "CIVILIZATION_MADAGASCAR"),
		("NAMED_RIVER_ONILAHY",				    "CIVILIZATION_MADAGASCAR"),
		("NAMED_RIVER_BETSIBOKA",				"CIVILIZATION_MADAGASCAR"),
		("NAMED_RIVER_MATSIATRA",				"CIVILIZATION_MADAGASCAR"),
		("NAMED_RIVER_MANAMBOLO",		        "CIVILIZATION_MADAGASCAR"),
		("NAMED_RIVER_MANANANTANANA",		    "CIVILIZATION_MADAGASCAR"),
		("NAMED_RIVER_IKOSY",			        "CIVILIZATION_MADAGASCAR"),
		("NAMED_RIVER_KLANG",					"CIVILIZATION_MALAYSIA"),
		("NAMED_RIVER_PAHANG",					"CIVILIZATION_MALAYSIA"),
		("NAMED_RIVER_PERAK",					"CIVILIZATION_MALAYSIA"),
		("NAMED_RIVER_RAJANG",					"CIVILIZATION_MALAYSIA"),
		("NAMED_RIVER_KINABATANGAN",			"CIVILIZATION_MALAYSIA"),
		("NAMED_RIVER_KELANTAN",				"CIVILIZATION_MALAYSIA"),
		("NAMED_RIVER_SALWEEN",					"CIVILIZATION_MYANMAR"),
		("NAMED_RIVER_IRRAWADDY",				"CIVILIZATION_MYANMAR"),
		("NAMED_RIVER_NIGER",					"CIVILIZATION_NIGERIA"),
		("NAMED_RIVER_OSUN",					"CIVILIZATION_NIGERIA"),
		("NAMED_RIVER_IMO",						"CIVILIZATION_NIGERIA"),
		("NAMED_RIVER_CROSS",					"CIVILIZATION_NIGERIA"),
		("NAMED_RIVER_YOBE",					"CIVILIZATION_NIGERIA"),
		("NAMED_RIVER_BENUE",					"CIVILIZATION_NIGERIA"),
		("NAMED_RIVER_SOKOTO",					"CIVILIZATION_NIGERIA"),
		("NAMED_RIVER_INDUS",					"CIVILIZATION_PAKISTAN"),
		("NAMED_RIVER_PASIG",					"CIVILIZATION_PHILIPPINES"),
		("NAMED_RIVER_AGUSAN",					"CIVILIZATION_PHILIPPINES"),
		("NAMED_RIVER_CAGAYAN",					"CIVILIZATION_PHILIPPINES"),
		("NAMED_RIVER_MINDANAO",				"CIVILIZATION_PHILIPPINES"),
		("NAMED_RIVER_PAMPANGA",				"CIVILIZATION_PHILIPPINES"),
		("NAMED_RIVER_MURES",					"CIVILIZATION_ROMANIA"),
		("NAMED_RIVER_PRUT",					"CIVILIZATION_ROMANIA"),
		("NAMED_RIVER_OLT",						"CIVILIZATION_ROMANIA"),
		("NAMED_RIVER_SIRET",					"CIVILIZATION_ROMANIA"),
		("NAMED_RIVER_IALOMITA",				"CIVILIZATION_ROMANIA"),
		("NAMED_RIVER_SOMES",					"CIVILIZATION_ROMANIA"),
		("NAMED_RIVER_ARGES",					"CIVILIZATION_ROMANIA"),
		("NAMED_RIVER_JIU",						"CIVILIZATION_ROMANIA"),
		("NAMED_RIVER_BUZAU",					"CIVILIZATION_ROMANIA"),
		("NAMED_RIVER_DAMBOVITA",				"CIVILIZATION_ROMANIA"),
		("NAMED_RIVER_ZAMBEZI",					"CIVILIZATION_TANZANIA"),
		("NAMED_RIVER_CHAO_PHRAYA",				"CIVILIZATION_THAILAND"),
		("NAMED_RIVER_PING",					"CIVILIZATION_THAILAND"),
		("NAMED_RIVER_NAN",						"CIVILIZATION_THAILAND"),
		("NAMED_RIVER_WANG",					"CIVILIZATION_THAILAND"),
		("NAMED_RIVER_YOM",						"CIVILIZATION_THAILAND"),
		("NAMED_RIVER_PA_SAK",					"CIVILIZATION_THAILAND"),
		("NAMED_RIVER_MUN",						"CIVILIZATION_THAILAND"),
		("NAMED_RIVER_MEKONG",					"CIVILIZATION_THAILAND"),
		("NAMED_RIVER_ARAS_RIVER",				"CIVILIZATION_TURKEY"),
		("NAMED_RIVER_KIZILIRMAK",				"CIVILIZATION_TURKEY"),
		("NAMED_RIVER_MURAT_RIVER",				"CIVILIZATION_TURKEY"),
		("NAMED_RIVER_SAKARYA_RIVER",			"CIVILIZATION_TURKEY"),
		("NAMED_RIVER_YESILIRMAK_RIVER",		"CIVILIZATION_TURKEY");
	
-----------------------------------------------
-- NamedMountains

-- This list of locally-referenced values ensures that flavour text is displayed wherever a named mountain range has been linked to your custom civilization.

-- All Name references have a corresponding entry in NamesText.sql.

-- This is an optional section and only required if there are new, custom mountain range names defined in the NamedMountainCivilizations, below.
-----------------------------------------------

REPLACE INTO NamedMountains
		(NamedMountainType,						Name)
VALUES	("NAMED_MOUNTAIN_NEVADO",				"LOC_NAMED_MOUNTAIN_NEVADO_NAME"),
		("NAMED_MOUNTAIN_TUPUNGATO",			"LOC_NAMED_MOUNTAIN_TUPUNGATO_NAME"),
		("NAMED_MOUNTAIN_EL_MUERTO",			"LOC_NAMED_MOUNTAIN_EL_MUERTO_NAME"),
		("NAMED_MOUNTAIN_PARINACOTA",			"LOC_NAMED_MOUNTAIN_PARINACOTA_NAME"),
		("NAMED_MOUNTAIN_POMERAPE",				"LOC_NAMED_MOUNTAIN_POMERAPE_NAME"),
		("NAMED_MOUNTAIN_TRES",					"LOC_NAMED_MOUNTAIN_TRES_NAME"),
		("NAMED_MOUNTAIN_OLIVARES",				"LOC_NAMED_MOUNTAIN_OLIVARES_NAME"),
		("NAMED_MOUNTAIN_ALTO",					"LOC_NAMED_MOUNTAIN_ALTO_NAME"),
		("NAMED_MOUNTAIN_MARMOLEJO",			"LOC_NAMED_MOUNTAIN_MARMOLEJO_NAME"),
		("NAMED_MOUNTAIN_SAN_PABLO",			"LOC_NAMED_MOUNTAIN_SAN_PABLO_NAME"),
		("NAMED_MOUNTAIN_MOLLEHOJ",				"LOC_NAMED_MOUNTAIN_MOLLEHOJ_NAME"),
		("NAMED_MOUNTAIN_YDING",				"LOC_NAMED_MOUNTAIN_YDING_NAME"),
		("NAMED_MOUNTAIN_EJER",					"LOC_NAMED_MOUNTAIN_EJER_NAME"),
		("NAMED_MOUNTAIN_LINDBJERG",			"LOC_NAMED_MOUNTAIN_LINDBJERG_NAME"),
		("NAMED_MOUNTAIN_MARGRETELYST",			"LOC_NAMED_MOUNTAIN_MARGRETELYST_NAME"),
		("NAMED_MOUNTAIN_VISTOFTE",				"LOC_NAMED_MOUNTAIN_VISTOFTE_NAME"),
		("NAMED_MOUNTAIN_RYTTERKNAEGTEN",		"LOC_NAMED_MOUNTAIN_RYTTERKNAEGTEN_NAME"),
		("NAMED_MOUNTAIN_HIMMELBJERGET",		"LOC_NAMED_MOUNTAIN_HIMMELBJERGET_NAME"),
		("NAMED_MOUNTAIN_ABORREBJERG",			"LOC_NAMED_MOUNTAIN_ABORREBJERG_NAME"),
		("NAMED_MOUNTAIN_KARELIDES",			"LOC_NAMED_MOUNTAIN_KARELIDES_NAME"),
		("NAMED_MOUNTAIN_SCANDINADIVAN",		"LOC_NAMED_MOUNTAIN_SCANDINAVIAN_NAME"),
		("NAMED_MOUNTAIN_ESJAN",				"LOC_NAMED_MOUNTAIN_ESJAN_NAME"),
		("NAMED_MOUNTAIN_HOFSJOKULL",			"LOC_NAMED_MOUNTAIN_HOFSJOKULL_NAME"),
		("NAMED_MOUNTAIN_VATNAJOKULL",			"LOC_NAMED_MOUNTAIN_VATNAJOKULL_NAME"),
		("NAMED_MOUNTAIN_LANGJOKULL",			"LOC_NAMED_MOUNTAIN_LANGJOKULL_NAME"),
		("NAMED_MOUNTAIN_MYRDALSJOKULL",		"LOC_NAMED_MOUNTAIN_MYRDALSJOKULL_NAME"),
		("NAMED_MOUNTAIN_LANDMANNALAUGAR",		"LOC_NAMED_MOUNTAIN_LANDMANNALAUGAR_NAME"),
		("NAMED_MOUNTAIN_TSARATANANA",			"LOC_NAMED_MOUNTAIN_TSARATANANA_NAME"),
		("NAMED_MOUNTAIN_ANKARATRA",			"LOC_NAMED_MOUNTAIN_ANKARATRA_NAME"),
		("NAMED_MOUNTAIN_TSIAFAJAVONA",		    "LOC_NAMED_MOUNTAIN_TSIAFAJAVONA_NAME"),
		("NAMED_MOUNTAIN_ANDRINGITRA",			"LOC_NAMED_MOUNTAIN_ANDRINGITRA_NAME"),
		("NAMED_MOUNTAIN_ZAMBALES",				"LOC_NAMED_MOUNTAIN_ZAMBALES_NAME"),
		("NAMED_MOUNTAIN_SIERRA_PHILIPPINES",	"LOC_NAMED_MOUNTAIN_SIERRA_PHILIPPINES_NAME"),
		("NAMED_MOUNTAIN_CARABALLO",			"LOC_NAMED_MOUNTAIN_CARABALLO_NAME"),
		("NAMED_MOUNTAIN_CORDILLERA_CENTRAL",	"LOC_NAMED_MOUNTAIN_CORDILLERA_CENTRAL_NAME"),
		("NAMED_MOUNTAIN_ALMAJ",		 		"LOC_NAMED_MOUNTAIN_ALMAJ_NAME"),
		("NAMED_MOUNTAIN_BIHOR",				"LOC_NAMED_MOUNTAIN_BIHOR_NAME"),
		("NAMED_MOUNTAIN_BUCEGI",				"LOC_NAMED_MOUNTAIN_BUCEGI_NAME"),
		("NAMED_MOUNTAIN_FAGARAS",				"LOC_NAMED_MOUNTAIN_FAGARAS_NAME"),
		("NAMED_MOUNTAIN_GODEANU",				"LOC_NAMED_MOUNTAIN_GODEANU_NAME"),
		("NAMED_MOUNTAIN_RETEZAT",	 			"LOC_NAMED_MOUNTAIN_RETEZAT_NAME"),
		("NAMED_MOUNTAIN_VRANCEA",	 			"LOC_NAMED_MOUNTAIN_VRANCEA_NAME"),
		("NAMED_MOUNTAIN_SUREANU",	 			"LOC_NAMED_MOUNTAIN_SUREANU_NAME"),
		("NAMED_MOUNTAIN_TARCU",		 		"LOC_NAMED_MOUNTAIN_TARCU_NAME"),
		("NAMED_MOUNTAIN_DAEN_LAO",				"LOC_NAMED_MOUNTAIN_DAEN_LAO_NAME"),
		("NAMED_MOUNTAIN_LUANG_PRABANG",		"LOC_NAMED_MOUNTAIN_LUANG_PRABANG_NAME"),
		("NAMED_MOUNTAIN_THANON_THONG_CHAI",	"LOC_NAMED_MOUNTAIN_THANON_THONG_CHAI_NAME"),
		("NAMED_MOUNTAIN_PHI_PAN_NAM",			"LOC_NAMED_MOUNTAIN_PHI_PAN_NAM_NAME"),
		("NAMED_MOUNTAIN_PETCHABUN",			"LOC_NAMED_MOUNTAIN_PETCHABUN_NAME"),
		("NAMED_MOUNTAIN_SANKHAMPHAENG",		"LOC_NAMED_MOUNTAIN_SANKHAMPHAENG_NAME"),
		("NAMED_MOUNTAIN_BANTHAT",				"LOC_NAMED_MOUNTAIN_BANTHAT_NAME"),
		("NAMED_MOUNTAIN_SANKALAKHIRI",			"LOC_NAMED_MOUNTAIN_SANKALAKHIRI_NAME"),
		("NAMED_MOUNTAIN_TENASSERIM",			"LOC_NAMED_MOUNTAIN_TENASSERIM_NAME");

-----------------------------------------------
-- NamedMountainCivilizations

-- This ties named mountain ranges to your custom civilization. This is optional. The entries for NamedMountainType can either be new, custom mountain ranges or those that exist in the Gathering Storm (Expansion2) files.

-- Please note: prior to the Gathering Storm update, it does not appear that this function was used to geographically flavour the game"s existing civilizations.
-----------------------------------------------

INSERT INTO NamedMountainCivilizations
		(NamedMountainType,						CivilizationType)
VALUES	("NAMED_MOUNTAIN_NEVADO",				"CIVILIZATION_CHILE"),
		("NAMED_MOUNTAIN_TUPUNGATO",			"CIVILIZATION_CHILE"),
		("NAMED_MOUNTAIN_EL_MUERTO",			"CIVILIZATION_CHILE"),
		("NAMED_MOUNTAIN_PARINACOTA",			"CIVILIZATION_CHILE"),
		("NAMED_MOUNTAIN_POMERAPE",				"CIVILIZATION_CHILE"),
		("NAMED_MOUNTAIN_TRES",					"CIVILIZATION_CHILE"),
		("NAMED_MOUNTAIN_OLIVARES",				"CIVILIZATION_CHILE"),
		("NAMED_MOUNTAIN_ALTO",					"CIVILIZATION_CHILE"),
		("NAMED_MOUNTAIN_MARMOLEJO",			"CIVILIZATION_CHILE"),
		("NAMED_MOUNTAIN_SAN_PABLO",			"CIVILIZATION_CHILE"),
		("NAMED_MOUNTAIN_MOLLEHOJ",				"CIVILIZATION_DENMARK"),
		("NAMED_MOUNTAIN_YDING",				"CIVILIZATION_DENMARK"),
		("NAMED_MOUNTAIN_EJER",					"CIVILIZATION_DENMARK"),
		("NAMED_MOUNTAIN_LINDBJERG",			"CIVILIZATION_DENMARK"),
		("NAMED_MOUNTAIN_MARGRETELYST",			"CIVILIZATION_DENMARK"),
		("NAMED_MOUNTAIN_VISTOFTE",				"CIVILIZATION_DENMARK"),
		("NAMED_MOUNTAIN_RYTTERKNAEGTEN",		"CIVILIZATION_DENMARK"),
		("NAMED_MOUNTAIN_HIMMELBJERGET",		"CIVILIZATION_DENMARK"),
		("NAMED_MOUNTAIN_ABORREBJERG",			"CIVILIZATION_DENMARK"),
		("NAMED_MOUNTAIN_KARELIDES",			"CIVILIZATION_FINLAND"),
		("NAMED_MOUNTAIN_SCANDINADIVAN",		"CIVILIZATION_FINLAND"),
		("NAMED_MOUNTAIN_ESJAN",				"CIVILIZATION_ICELAND"),
		("NAMED_MOUNTAIN_HOFSJOKULL",			"CIVILIZATION_ICELAND"),
		("NAMED_MOUNTAIN_VATNAJOKULL",			"CIVILIZATION_ICELAND"),
		("NAMED_MOUNTAIN_LANGJOKULL",			"CIVILIZATION_ICELAND"),
		("NAMED_MOUNTAIN_MYRDALSJOKULL",		"CIVILIZATION_ICELAND"),
		("NAMED_MOUNTAIN_LANDMANNALAUGAR",		"CIVILIZATION_ICELAND"),
		("NAMED_MOUNTAIN_ALPS",		 			"CIVILIZATION_ITALY"),
		("NAMED_MOUNTAIN_APENNINES",		 	"CIVILIZATION_ITALY"),
		("NAMED_MOUNTAIN_CHIANTI_MOUNTAINS",	"CIVILIZATION_ITALY"),
		("NAMED_MOUNTAIN_DOLOMITES",			"CIVILIZATION_ITALY"),
		("NAMED_MOUNTAIN_SIBILLINI_MOUNTAINS",	"CIVILIZATION_ITALY"),
		("NAMED_MOUNTAIN_TSARATANANA",			"CIVILIZATION_MADAGASCAR"),
		("NAMED_MOUNTAIN_ANKARATRA",			"CIVILIZATION_MADAGASCAR"),
		("NAMED_MOUNTAIN_TSIAFAJAVONA",		    "CIVILIZATION_MADAGASCAR"),
		("NAMED_MOUNTAIN_ANDRINGITRA",			"CIVILIZATION_MADAGASCAR"),
		("NAMED_MOUNTAIN_HINDU_KUSH",			"CIVILIZATION_PAKISTAN"),
		("NAMED_MOUNTAIN_HIMALAYAS",			"CIVILIZATION_PAKISTAN"),
		("NAMED_MOUNTAIN_KARAKORAM",			"CIVILIZATION_PAKISTAN"),
		("NAMED_MOUNTAIN_ZAMBALES",				"CIVILIZATION_PHILIPPINES"),
		("NAMED_MOUNTAIN_SIERRA_PHILIPPINES",	"CIVILIZATION_PHILIPPINES"),
		("NAMED_MOUNTAIN_CARABALLO",			"CIVILIZATION_PHILIPPINES"),
		("NAMED_MOUNTAIN_CORDILLERA_CENTRAL",	"CIVILIZATION_PHILIPPINES"),
		("NAMED_MOUNTAIN_ALMAJ",		 		"CIVILIZATION_ROMANIA"),
		("NAMED_MOUNTAIN_BIHOR",				"CIVILIZATION_ROMANIA"),
		("NAMED_MOUNTAIN_BUCEGI",				"CIVILIZATION_ROMANIA"),
		("NAMED_MOUNTAIN_FAGARAS",				"CIVILIZATION_ROMANIA"),
		("NAMED_MOUNTAIN_GODEANU",				"CIVILIZATION_ROMANIA"),
		("NAMED_MOUNTAIN_RETEZAT",	 			"CIVILIZATION_ROMANIA"),
		("NAMED_MOUNTAIN_VRANCEA",	 			"CIVILIZATION_ROMANIA"),
		("NAMED_MOUNTAIN_SUREANU",	 			"CIVILIZATION_ROMANIA"),
		("NAMED_MOUNTAIN_TARCU",		 		"CIVILIZATION_ROMANIA"),
		("NAMED_MOUNTAIN_DAEN_LAO",				"CIVILIZATION_THAILAND"),
		("NAMED_MOUNTAIN_LUANG_PRABANG",		"CIVILIZATION_THAILAND"),
		("NAMED_MOUNTAIN_THANON_THONG_CHAI",	"CIVILIZATION_THAILAND"),
		("NAMED_MOUNTAIN_PHI_PAN_NAM",			"CIVILIZATION_THAILAND"),
		("NAMED_MOUNTAIN_PETCHABUN",			"CIVILIZATION_THAILAND"),
		("NAMED_MOUNTAIN_SANKHAMPHAENG",		"CIVILIZATION_THAILAND"),
		("NAMED_MOUNTAIN_BANTHAT",				"CIVILIZATION_THAILAND"),
		("NAMED_MOUNTAIN_SANKALAKHIRI",			"CIVILIZATION_THAILAND"),
		("NAMED_MOUNTAIN_TENASSERIM",			"CIVILIZATION_THAILAND"),
		("NAMED_MOUNTAIN_DANGREK_MOUNTAINS",	"CIVILIZATION_THAILAND");

-----------------------------------------------
-- NamedVolcanoes

-- This list of locally-referenced values ensures that flavour text is displayed wherever a named volcano has been linked to your custom civilization.

-- All Name references have a corresponding entry in NamesText.sql.

-- This is an optional section and only required if there are new, custom volcano names defined in the NamedVolcanoCivilizations, below.

-- Compatibility: Volcanoes were introduced in the Gathering Storm expansion (Expansion2). This section should only be used where there is an intention to develop a mod with a dependency on Gathering Storm (Expansion2).
-----------------------------------------------

REPLACE INTO NamedVolcanoes
		(NamedVolcanoType,							Name)
VALUES	("NAMED_VOLCANO_OJOS",						"LOC_NAMED_VOLCANO_OJOS_NAME"),
		("NAMED_VOLCANO_LLULLAILLACO",				"LOC_NAMED_VOLCANO_INCAHUASI_NAME"),
		("NAMED_VOLCANO_INCAHUASI",					"LOC_NAMED_VOLCANO_INCAHUASI_NAME"),
		("NAMED_VOLCANO_TUPUNGATO",					"LOC_NAMED_VOLCANO_TUPUNGATO_NAME"),
		("NAMED_VOLCANO_PARINACOTA",				"LOC_NAMED_VOLCANO_PARINACOTA_NAME"),
		("NAMED_VOLCANO_PULAR",						"LOC_NAMED_VOLCANO_PULAR_NAME"),
		("NAMED_VOLCANO_EL_SOLO",					"LOC_NAMED_VOLCANO_EL_SOLO_NAME"),
		("NAMED_VOLCANO_AUCANQUILCHA",				"LOC_NAMED_VOLCANO_AUCANQUILCHA_NAME"),
		("NAMED_VOLCANO_SAN_PEDRO",					"LOC_NAMED_VOLCANO_SAN_PEDRO_NAME"),
		("NAMED_VOLCANO_SIERRA_NEVADA",				"LOC_NAMED_VOLCANO_SIERRA_NEVADA_NAME"),
		("NAMED_VOLCANO_WALLATIRI",					"LOC_NAMED_VOLCANO_WALLATIRI_NAME"),
		("NAMED_VOLCANO_ACOTANGO",					"LOC_NAMED_VOLCANO_ACOTANGO_NAME"),
		("NAMED_VOLCANO_AITOLAHTI",					"LOC_NAMED_VOLCANO_AITOLAHTI_NAME"),
		("NAMED_VOLCANO_HEKLA",						"LOC_NAMED_VOLCANO_HEKLA_NAME"),
		("NAMED_VOLCANO_BARTHARBUNGA",				"LOC_NAMED_VOLCANO_BARTHARBUNGA_NAME"),
		("NAMED_VOLCANO_KATLA",						"LOC_NAMED_VOLCANO_KATLA_NAME"),
		("NAMED_VOLCANO_KRAFLA_CALDERA",			"LOC_NAMED_VOLCANO_KRAFLA_CALDERA_NAME"),
		("NAMED_VOLCANO_ASKJA_CALDERA",				"LOC_NAMED_VOLCANO_ASKJA_CALDERA_NAME"),
		("NAMED_VOLCANO_ELDFELL",					"LOC_NAMED_VOLCANO_ELDFELL_NAME"),
		("NAMED_VOLCANO_THRIHNJUKAGIGUR",			"LOC_NAMED_VOLCANO_THRIHNJUKAGIGUR_NAME"),
        ("NAMED_VOLCANO_BOBAOMBY",					"LOC_NAMED_VOLCANO_BOBAOMBY_NAME"),
		("NAMED_VOLCANO_ANKAIZINA",			    	"LOC_NAMED_VOLCANO_ANKAIZINA_NAME"),
		("NAMED_VOLCANO_ANKARATRA",			    	"LOC_NAMED_VOLCANO_ANKARATRA_NAME"),
		("NAMED_VOLCANO_ITASY",		           		"LOC_NAMED_VOLCANO_ITASY_NAME"),
		("NAMED_VOLCANO_NOSYBE",		        	"LOC_NAMED_VOLCANO_NOSYBE_NAME"),
        ("NAMED_VOLCANO_MAYON",						"LOC_NAMED_VOLCANO_MAYON_NAME"),
		("NAMED_VOLCANO_PINATUBO",			    	"LOC_NAMED_VOLCANO_PINATUBO_NAME"),
		("NAMED_VOLCANO_TAAL",			    		"LOC_NAMED_VOLCANO_TAAL_NAME"),
		("NAMED_VOLCANO_BULUSAN",		           	"LOC_NAMED_VOLCANO_BULUSAN_NAME"),
		("NAMED_VOLCANO_KANLAON",		        	"LOC_NAMED_VOLCANO_KANLAON_NAME"),
		("NAMED_VOLCANO_HIBOK_HIBOK",				"LOC_NAMED_VOLCANO_HIBOK_HIBOK_NAME"),
		("NAMED_VOLCANO_CIOMADUL",					"LOC_NAMED_VOLCANO_CIOMADUL_NAME"),
		("NAMED_VOLCANO_DOI_PHA_KHOK_HIN_FUU",		"LOC_NAMED_VOLCANO_DOI_PHA_KHOK_HIN_FUU_NAME");

-----------------------------------------------
-- NamedVolcanoCivilizations

-- This ties named volcanoes to your custom civilization. This is optional. The entries for NamedVolcanoType can either be new, custom volcanoes or those that exist in the Gathering Storm (Expansion2) files.

-- Compatibility: Volcanoes were introduced in the Gathering Storm expansion (Expansion2). This section should only be used where there is an intention to develop a mod with a dependency on Gathering Storm (Expansion2).
-----------------------------------------------

INSERT INTO NamedVolcanoCivilizations
		(NamedVolcanoType,							CivilizationType)
VALUES	("NAMED_VOLCANO_OJOS",						"CIVILIZATION_CHILE"),
		("NAMED_VOLCANO_LLULLAILLACO",				"CIVILIZATION_CHILE"),
		("NAMED_VOLCANO_INCAHUASI",					"CIVILIZATION_CHILE"),
		("NAMED_VOLCANO_TUPUNGATO",					"CIVILIZATION_CHILE"),
		("NAMED_VOLCANO_PARINACOTA",				"CIVILIZATION_CHILE"),
		("NAMED_VOLCANO_PULAR",						"CIVILIZATION_CHILE"),
		("NAMED_VOLCANO_EL_SOLO",					"CIVILIZATION_CHILE"),
		("NAMED_VOLCANO_AUCANQUILCHA",				"CIVILIZATION_CHILE"),
		("NAMED_VOLCANO_SAN_PEDRO",					"CIVILIZATION_CHILE"),
		("NAMED_VOLCANO_SIERRA_NEVADA",				"CIVILIZATION_CHILE"),
		("NAMED_VOLCANO_WALLATIRI",					"CIVILIZATION_CHILE"),
		("NAMED_VOLCANO_ACOTANGO",					"CIVILIZATION_CHILE"),
		("NAMED_VOLCANO_AITOLAHTI",					"CIVILIZATION_FINLAND"),
		("NAMED_VOLCANO_HEKLA",						"CIVILIZATION_ICELAND"),
		("NAMED_VOLCANO_BARTHARBUNGA",				"CIVILIZATION_ICELAND"),
		("NAMED_VOLCANO_KATLA",						"CIVILIZATION_ICELAND"),
		("NAMED_VOLCANO_KRAFLA_CALDERA",			"CIVILIZATION_ICELAND"),
		("NAMED_VOLCANO_ASKJA_CALDERA",				"CIVILIZATION_ICELAND"),
		("NAMED_VOLCANO_GRIMSVOTN",					"CIVILIZATION_ICELAND"),
		("NAMED_VOLCANO_ELDFELL",					"CIVILIZATION_ICELAND"),
		("NAMED_VOLCANO_THRIHNJUKAGIGUR",			"CIVILIZATION_ICELAND"),
		("NAMED_VOLCANO_BOBAOMBY",					"CIVILIZATION_MADAGASCAR"),
		("NAMED_VOLCANO_ANKAIZINA",			    	"CIVILIZATION_MADAGASCAR"),
		("NAMED_VOLCANO_ANKARATRA",			    	"CIVILIZATION_MADAGASCAR"),
		("NAMED_VOLCANO_ITASY",		           		"CIVILIZATION_MADAGASCAR"),
		("NAMED_VOLCANO_NOSYBE",		        	"CIVILIZATION_MADAGASCAR"),
		("NAMED_VOLCANO_MAYON",						"CIVILIZATION_PHILIPPINES"),
		("NAMED_VOLCANO_PINATUBO",					"CIVILIZATION_PHILIPPINES"),
		("NAMED_VOLCANO_TAAL",						"CIVILIZATION_PHILIPPINES"),
		("NAMED_VOLCANO_BULUSAN",					"CIVILIZATION_PHILIPPINES"),
		("NAMED_VOLCANO_KANLAON",					"CIVILIZATION_PHILIPPINES"),
		("NAMED_VOLCANO_HIBOK_HIBOK",				"CIVILIZATION_PHILIPPINES"),
		("NAMED_VOLCANO_CIOMADUL",					"CIVILIZATION_ROMANIA"),
		("NAMED_VOLCANO_DOI_PHA_KHOK_HIN_FUU",		"CIVILIZATION_THAILAND"),
		("NAMED_VOLCANO_PHANOM_RUNG_VOLCANO",		"CIVILIZATION_THAILAND");
		
-----------------------------------------------
-- NamedDeserts

-- This list of locally-referenced values ensures that flavour text is displayed wherever a named desert has been linked to your custom civilization.

-- All Name references have a corresponding entry in NamesText.sql.

-- This is an optional section and only required if there are new, custom desert names defined in the NamedDesertCivilizations, below.
-----------------------------------------------

REPLACE INTO NamedDeserts
		(NamedDesertType,							Name)
VALUES	("NAMED_DESERT_ATACAMA",					"LOC_NAMED_DESERT_ATACAMA_NAME"),
		("NAMED_DESERT_MONTE",						"LOC_NAMED_DESERT_MONTE_NAME"),
		("NAMED_DESERT_PATAGONIAN",					"LOC_NAMED_DESERT_PATAGONIAN_NAME"),
		("NAMED_DESERT_KHARAN",						"LOC_NAMED_DESERT_KHARAN_NAME"),
		("NAMED_DESERT_CHOLISTAN",					"LOC_NAMED_DESERT_CHOLISTAN_NAME");

-----------------------------------------------
-- NamedDesertCivilizations

-- This ties named deserts to your custom civilization. This is optional. The entries for NamedDesertType can either be new, custom deserts or those that exist in the Gathering Storm (Expansion2) files.
-----------------------------------------------

INSERT INTO NamedDesertCivilizations
		(NamedDesertType,							CivilizationType)
VALUES	("NAMED_DESERT_ATACAMA",					"CIVILIZATION_CHILE"),
		("NAMED_DESERT_MONTE",						"CIVILIZATION_CHILE"),
		("NAMED_DESERT_PATAGONIAN",					"CIVILIZATION_CHILE"),
		("NAMED_DESERT_KHARAN",						"CIVILIZATION_PAKISTAN"),
		("NAMED_DESERT_CHOLISTAN",					"CIVILIZATION_PAKISTAN"),
		("NAMED_DESERT_THAL",						"CIVILIZATION_PAKISTAN"),
		("NAMED_DESERT_THAR",						"CIVILIZATION_PAKISTAN"),
		("NAMED_DESERT_HAMAD",						"CIVILIZATION_TURKEY"),
		("NAMED_DESERT_KARAPINAR_DESERT",			"CIVILIZATION_TURKEY");
		
-----------------------------------------------
-- NamedLakes

-- This list of locally-referenced values ensures that flavour text is displayed wherever a named lake has been linked to your custom civilization.

-- All Name references have a corresponding entry in NamesText.sql.

-- This is an optional section and only required if there are new, custom volcano names defined in the NamedVolcanoCivilizations, below.
-----------------------------------------------

REPLACE INTO NamedLakes
		(NamedLakeType,						Name)
VALUES	("NAMED_LAKE_GENERAL_CARRERA",		"LOC_NAMED_LAKE_GENERAL_CARRERA_NAME"),
		("NAMED_LAKE_LLANQUIHUE",			"LOC_NAMED_LAKE_LLANQUIHUE_NAME"),
		("NAMED_LAKE_OHIGGINS",				"LOC_NAMED_LAKE_OHIGGINS_NAME"),
		("NAMED_LAKE_RANCO",				"LOC_NAMED_LAKE_RANCO_NAME"),
		("NAMED_LAKE_PRESIDENTE_RIOS",		"LOC_NAMED_LAKE_PRESIDENTE_RIOS_NAME"),
		("NAMED_LAKE_GREVE",				"LOC_NAMED_LAKE_GREVE_NAME"),
		("NAMED_LAKE_RUPANCO",				"LOC_NAMED_LAKE_RUPANCO_NAME"),
		("NAMED_LAKE_DEL_TORO",				"LOC_NAMED_LAKE_DEL_TORO_NAME"),
		("NAMED_LAKE_VILLARRICA",			"LOC_NAMED_LAKE_VILLARRICA_NAME"),
		("NAMED_LAKE_TODOS",				"LOC_NAMED_LAKE_TODOS_NAME"),
		("NAMED_LAKE_ARRESO",				"LOC_NAMED_LAKE_ARRESO_NAME"),
		("NAMED_LAKE_ESRUM",				"LOC_NAMED_LAKE_ESRUM_NAME"),
		("NAMED_LAKE_STADIL",				"LOC_NAMED_LAKE_STADIL_NAME"),
		("NAMED_LAKE_MOSSO",				"LOC_NAMED_LAKE_MOSSO_NAME"),
		("NAMED_LAKE_SALTBAEK",				"LOC_NAMED_LAKE_SALTBAEK_NAME"),
		("NAMED_LAKE_TISSO",				"LOC_NAMED_LAKE_TISSO_NAME"),
		("NAMED_LAKE_FURESO",				"LOC_NAMED_LAKE_FURESO_NAME"),
		("NAMED_LAKE_SKANDERBORG",			"LOC_NAMED_LAKE_SKANDERBORG_NAME"),
		("NAMED_LAKE_ROINE",				"LOC_NAMED_LAKE_ROINE_NAME"),
		("NAMED_LAKE_SAIMAA",				"LOC_NAMED_LAKE_SAIMAA_NAME"),
		("NAMED_LAKE_PAIJANNE",				"LOC_NAMED_LAKE_PAIJANNE_NAME"),
		("NAMED_LAKE_INARI",				"LOC_NAMED_LAKE_INARI_NAME"),
		("NAMED_LAKE_OULUJARVI",			"LOC_NAMED_LAKE_OULUJARVI_NAME"),
		("NAMED_LAKE_PIELINEN",				"LOC_NAMED_LAKE_PIELINEN_NAME"),
		("NAMED_LAKE_PIHLAJAVESI",			"LOC_NAMED_LAKE_PIHLAJAVESI_NAME"),
		("NAMED_LAKE_ORIVESI",				"LOC_NAMED_LAKE_ORIVESI_NAME"),
		("NAMED_LAKE_HAUKIVESI",			"LOC_NAMED_LAKE_HAUKIVESI_NAME"),
		("NAMED_LAKE_PYHASELKA",			"LOC_NAMED_LAKE_PYHASELKA_NAME"),
		("NAMED_LAKE_PUULA",				"LOC_NAMED_LAKE_PUULA_NAME"),
		("NAMED_LAKE_HOYTIANEN",			"LOC_NAMED_LAKE_HOYTIANEN_NAME"),
		("NAMED_LAKE_THINGVALLAVATN",		"LOC_NAMED_LAKE_THINGVALLAVATN_NAME"),
		("NAMED_LAKE_MYVATN",				"LOC_NAMED_LAKE_MYVATN_NAME"),
		("NAMED_LAKE_KERITH",				"LOC_NAMED_LAKE_KERITH_NAME"),
		("NAMED_LAKE_OSKJUVATN",			"LOC_NAMED_LAKE_OSKJUVATN_NAME"),
		("NAMED_LAKE_JOKULSARLON",			"LOC_NAMED_LAKE_JOKULSARLON_NAME"),
		("NAMED_LAKE_LAGARFLJOT",			"LOC_NAMED_LAKE_LAGARFLJOT_NAME"),
		("NAMED_LAKE_HVITARVATN",			"LOC_NAMED_LAKE_HVITARVATN_NAME"),
		("NAMED_LAKE_ALAOTRA",		        "LOC_NAMED_LAKE_ALAOTRA_NAME"),
		("NAMED_LAKE_KINKONY",				"LOC_NAMED_LAKE_KINKONY_NAME"),
		("NAMED_LAKE_TSIMANAPETSOTSOA",		"LOC_NAMED_LAKE_TSIMANAPETSOTSOA_NAME"),
		("NAMED_LAKE_ANOSY",				"LOC_NAMED_LAKE_ANOSY_NAME"),
		("NAMED_LAKE_IHOTRY",				"LOC_NAMED_LAKE_IHOTRY_NAME"),
		("NAMED_LAKE_CHAD",					"LOC_NAMED_LAKE_CHAD_NAME"),
		("NAMED_LAKE_KAINJI",				"LOC_NAMED_LAKE_KAINJI_NAME"),
		("NAMED_LAKE_LAGUNA_DE_BAY",		"LOC_NAMED_LAKE_LAGUNA_DE_BAY_NAME"),
		("NAMED_LAKE_LANAO",				"LOC_NAMED_LAKE_LANAO_NAME"),
		("NAMED_LAKE_LAIKE_MAINIT",			"LOC_NAMED_LAKE_LAIKE_MAINIT_NAME"),
		("NAMED_LAKE_NAUJAN",				"LOC_NAMED_LAKE_NAUJAN_NAME"),
		("NAMED_LAKE_BULUAN",				"LOC_NAMED_LAKE_BULUAN_NAME"),
		("NAMED_LAKE_BATO",					"LOC_NAMED_LAKE_BATO_NAME"),
		("NAMED_LAKE_BUHI",					"LOC_NAMED_LAKE_BUHI_NAME"),
		("NAMED_LAKE_BALEA",				"LOC_NAMED_LAKE_BALEA_NAME"),
		("NAMED_LAKE_RAZIM",				"LOC_NAMED_LAKE_RAZIM_NAME"),
		("NAMED_LAKE_ROSU",					"LOC_NAMED_LAKE_ROSU_NAME"),
		("NAMED_LAKE_TAUL_TAPULUI",			"LOC_NAMED_LAKE_TAUL_TAPULUI_NAME"),
		("NAMED_LAKE_BUENG_BORAPHET",		"LOC_NAMED_LAKE_BUENG_BORAPHET_NAME"),
		("NAMED_LAKE_SONGKHLA",				"LOC_NAMED_LAKE_SONGKHLA_NAME"),
		("NAMED_LAKE_PHAYAO",				"LOC_NAMED_LAKE_PHAYAO_NAME"),
		("NAMED_LAKE_NONG_HAN",				"LOC_NAMED_LAKE_NONG_HAN_NAME");
		
-----------------------------------------------
-- NamedLakeCivilizations

-- This ties named rivers to your custom civilization. This is optional. The entries for NamedRiverType can either be new, custom rivers or those that exist in the Gathering Storm (Expansion2) files.

-- Please note: prior to the Gathering Storm update, it does not appear that this function was used to geographically flavour the game"s existing civilizations.
-----------------------------------------------

INSERT INTO NamedLakeCivilizations
		(NamedLakeType,						CivilizationType)
VALUES	("NAMED_LAKE_GENERAL_CARRERA",		"CIVILIZATION_CHILE"),
		("NAMED_LAKE_LLANQUIHUE",			"CIVILIZATION_CHILE"),
		("NAMED_LAKE_OHIGGINS",				"CIVILIZATION_CHILE"),
		("NAMED_LAKE_RANCO",				"CIVILIZATION_CHILE"),
		("NAMED_LAKE_PRESIDENTE_RIOS",		"CIVILIZATION_CHILE"),
		("NAMED_LAKE_GREVE",				"CIVILIZATION_CHILE"),
		("NAMED_LAKE_RUPANCO",				"CIVILIZATION_CHILE"),
		("NAMED_LAKE_DEL_TORO",				"CIVILIZATION_CHILE"),
		("NAMED_LAKE_VILLARRICA",			"CIVILIZATION_CHILE"),
		("NAMED_LAKE_TODOS",				"CIVILIZATION_CHILE"),
		("NAMED_LAKE_ARRESO",				"CIVILIZATION_DENMARK"),
		("NAMED_LAKE_ESRUM",				"CIVILIZATION_DENMARK"),
		("NAMED_LAKE_STADIL",				"CIVILIZATION_DENMARK"),
		("NAMED_LAKE_MOSSO",				"CIVILIZATION_DENMARK"),
		("NAMED_LAKE_SALTBAEK",				"CIVILIZATION_DENMARK"),
		("NAMED_LAKE_TISSO",				"CIVILIZATION_DENMARK"),
		("NAMED_LAKE_FURESO",				"CIVILIZATION_DENMARK"),
		("NAMED_LAKE_SKANDERBORG",			"CIVILIZATION_DENMARK"),
		("NAMED_LAKE_ROINE",				"CIVILIZATION_FINLAND"),
		("NAMED_LAKE_SAIMAA",				"CIVILIZATION_FINLAND"),
		("NAMED_LAKE_PAIJANNE",				"CIVILIZATION_FINLAND"),
		("NAMED_LAKE_INARI",				"CIVILIZATION_FINLAND"),
		("NAMED_LAKE_OULUJARVI",			"CIVILIZATION_FINLAND"),
		("NAMED_LAKE_PIELINEN",				"CIVILIZATION_FINLAND"),
		("NAMED_LAKE_PIHLAJAVESI",			"CIVILIZATION_FINLAND"),
		("NAMED_LAKE_ORIVESI",				"CIVILIZATION_FINLAND"),
		("NAMED_LAKE_HAUKIVESI",			"CIVILIZATION_FINLAND"),
		("NAMED_LAKE_PYHASELKA",			"CIVILIZATION_FINLAND"),
		("NAMED_LAKE_PUULA",				"CIVILIZATION_FINLAND"),
		("NAMED_LAKE_HOYTIANEN",			"CIVILIZATION_FINLAND"),
		("NAMED_LAKE_THINGVALLAVATN",		"CIVILIZATION_ICELAND"),
		("NAMED_LAKE_MYVATN",				"CIVILIZATION_ICELAND"),
		("NAMED_LAKE_KERITH",				"CIVILIZATION_ICELAND"),
		("NAMED_LAKE_OSKJUVATN",			"CIVILIZATION_ICELAND"),
		("NAMED_LAKE_JOKULSARLON",			"CIVILIZATION_ICELAND"),
		("NAMED_LAKE_LAGARFLJOT",			"CIVILIZATION_ICELAND"),
		("NAMED_LAKE_HVITARVATN",			"CIVILIZATION_ICELAND"),
		("NAMED_LAKE_LAKE_BOLSENA",			"CIVILIZATION_ITALY"),
		("NAMED_LAKE_LAKE_BRACCIANO",		"CIVILIZATION_ITALY"),
		("NAMED_LAKE_LAKE_ISEO",			"CIVILIZATION_ITALY"),
		("NAMED_LAKE_LAKE_TRASIMENE",		"CIVILIZATION_ITALY"),
		("NAMED_LAKE_ALAOTRA",		        "CIVILIZATION_MADAGASCAR"),
		("NAMED_LAKE_KINKONY",				"CIVILIZATION_MADAGASCAR"),
		("NAMED_LAKE_TSIMANAPETSOTSOA",		"CIVILIZATION_MADAGASCAR"),
		("NAMED_LAKE_ANOSY",				"CIVILIZATION_MADAGASCAR"),
		("NAMED_LAKE_IHOTRY",				"CIVILIZATION_MADAGASCAR"),
		("NAMED_LAKE_CHAD",					"CIVILIZATION_NIGERIA"),
		("NAMED_LAKE_KAINJI",				"CIVILIZATION_NIGERIA"),
		("NAMED_LAKE_LAGUNA_DE_BAY",		"CIVILIZATION_PHILIPPINES"),
		("NAMED_LAKE_LANAO",				"CIVILIZATION_PHILIPPINES"),
		("NAMED_LAKE_LAIKE_MAINIT",			"CIVILIZATION_PHILIPPINES"),
		("NAMED_LAKE_NAUJAN",				"CIVILIZATION_PHILIPPINES"),
		("NAMED_LAKE_BULUAN",				"CIVILIZATION_PHILIPPINES"),
		("NAMED_LAKE_BATO",					"CIVILIZATION_PHILIPPINES"),
		("NAMED_LAKE_BUHI",					"CIVILIZATION_PHILIPPINES"),
		("NAMED_LAKE_BALEA",				"CIVILIZATION_ROMANIA"),
		("NAMED_LAKE_RAZIM",				"CIVILIZATION_ROMANIA"),
		("NAMED_LAKE_ROSU",					"CIVILIZATION_ROMANIA"),
		("NAMED_LAKE_TAUL_TAPULUI",			"CIVILIZATION_ROMANIA"),
        ("NAMED_LAKE_LAKE_TURKANA",			"CIVILIZATION_TANZANIA"),
		("NAMED_LAKE_LAKE_TANGANYIKA",		"CIVILIZATION_TANZANIA"),
		("NAMED_LAKE_BUENG_BORAPHET",		"CIVILIZATION_THAILAND"),
		("NAMED_LAKE_SONGKHLA",				"CIVILIZATION_THAILAND"),
		("NAMED_LAKE_PHAYAO",				"CIVILIZATION_THAILAND"),
		("NAMED_LAKE_NONG_HAN",				"CIVILIZATION_THAILAND"),
		("NAMED_LAKE_LAKE_EGIRDIR",			"CIVILIZATION_TURKEY"),
		("NAMED_LAKE_LAKE_BURDUR",			"CIVILIZATION_TURKEY"),
		("NAMED_LAKE_LAKE_BEYSEHIR",		"CIVILIZATION_TURKEY"),
		("NAMED_LAKE_LAKE_IZNIK",			"CIVILIZATION_TURKEY"),
		("NAMED_LAKE_LAKE_VAN",				"CIVILIZATION_TURKEY"),
		("NAMED_LAKE_LAKE_TUZ",				"CIVILIZATION_TURKEY");
		
-----------------------------------------------
-- NamedSeas

-- This list of locally-referenced values ensures that flavour text is displayed wherever a named sea has been linked to your custom civilization.

-- All Name references have a corresponding entry in NamesText.sql.

-- This is an optional section and only required if there are new, custom river names defined in the NamedRiverCivilizations, below.
-----------------------------------------------

REPLACE INTO NamedSeas
		(NamedSeaType,						Name)
VALUES	("NAMED_SEA_CHILEAN_SEA",			"LOC_NAMED_SEA_CHILEAN_SEA_NAME"),
		("NAMED_SEA_ORESUND",				"LOC_NAMED_SEA_ORESUND_NAME"),
		("NAMED_SEA_GULF_OF_BOTHNIA",		"LOC_NAMED_SEA_GULF_OF_BOTHNIA_NAME"),
		("NAMED_SEA_GULF_OF_FINLAND",		"LOC_NAMED_SEA_GULF_OF_FINLAND_NAME"),
		("NAMED_SEA_BAKKAFLOI",				"LOC_NAMED_SEA_BAKKAFLOI_NAME"),
		("NAMED_SEA_FAXAFLOI",				"LOC_NAMED_SEA_FAXAFLOI_NAME"),
		("NAMED_SEA_GRUNNAVIK",				"LOC_NAMED_SEA_GRUNNAVIK_NAME"),
		("NAMED_SEA_HERADSFLOI",			"LOC_NAMED_SEA_HERADSFLOI_NAME"),
		("NAMED_SEA_HUNAFLOI",				"LOC_NAMED_SEA_HUNAFLOI_NAME"),
		("NAMED_SEA_THISTILFJORTHUR",		"LOC_NAMED_SEA_THISTILFJORTHUR_NAME"),
		("NAMED_SEA_BREITHAFJORTHUR",		"LOC_NAMED_SEA_BREITHAFJORTHUR_NAME"),
		("NAMED_SEA_ISAFJARTHARDJUP",		"LOC_NAMED_SEA_ISAFJARTHARDJUP_NAME"),
		("NAMED_SEA_SKAGAFJORTHUR",			"LOC_NAMED_SEA_SKAGAFJORTHUR_NAME"),
		("NAMED_SEA_EYJAFJORTHUR",			"LOC_NAMED_SEA_EYJAFJORTHUR_NAME"),
		("NAMED_SEA_VISAYAN_SEA",			"LOC_NAMED_SEA_VISAYAN_SEA_NAME"),
		("NAMED_SEA_CAMOTES_SEA",			"LOC_NAMED_SEA_CAMOTES_SEA_NAME"),
		("NAMED_SEA_SIBUYAN_SEA",			"LOC_NAMED_SEA_SIBUYAN_SEA_NAME"),
		("NAMED_SEA_SAMAR_SEA",				"LOC_NAMED_SEA_SAMAR_SEA_NAME"),
		("NAMED_SEA_MORO_GULF",				"LOC_NAMED_SEA_MORO_GULF_NAME"),
		("NAMED_SEA_LEYTE_GULF",			"LOC_NAMED_SEA_LEYTE_GULF_NAME"),
		("NAMED_SEA_LINGAYEN_GULF",			"LOC_NAMED_SEA_LINGAYEN_GULF_NAME"),
		("NAMED_SEA_DAVAO_GULF",            "LOC_NAMED_SEA_DAVAO_GULF_NAME"),
		("NAMED_SEA_PANAY_GULF",	    	"LOC_NAMED_SEA_PANAY_GULF_NAME"),
		("NAMED_SEA_LUZON_STRAIT",		    "LOC_NAMED_SEA_LUZON_STRAIT_NAME"),
		("NAMED_SEA_SIBUTU_PASSAGE",		"LOC_NAMED_SEA_SIBUTU_PASSAGE_NAME"),
		("NAMED_SEA_MANILA_BAY",		    "LOC_NAMED_SEA_MANILA_BAY_NAME"),
		("NAMED_SEA_BUTUAN_BAY",		    "LOC_NAMED_SEA_BUTUAN_BAY_NAME"),
		("NAMED_SEA_KRUNG_THEP_BAY",	    "LOC_NAMED_SEA_KRUNG_THEP_BAY_NAME"),
		("NAMED_SEA_PHANG_NGA_BAY",		    "LOC_NAMED_SEA_PHANG_NGA_BAY_NAME"),
		("NAMED_SEA_PRACHUAP_BAY",		    "LOC_NAMED_SEA_PRACHUAP_BAY_NAME"),
		("NAMED_SEA_SATTAHIP_BAY",		    "LOC_NAMED_SEA_SATTAHIP_BAY_NAME"),
		("NAMED_SEA_BANDON_BAY",		    "LOC_NAMED_SEA_BANDON_BAY_NAME"),
		("NAMED_SEA_MANAO_BAY",			    "LOC_NAMED_SEA_MANAO_BAY_NAME");

-----------------------------------------------
-- NamedSeaCivilizations

-- This ties named seas to your custom civilization. This is optional. The entries for NamedSeaType can either be new, custom rivers or those that exist in the Gathering Storm (Expansion2) files.

-- Please note: prior to the Gathering Storm update, it does not appear that this function was used to geographically flavour the game"s existing civilizations.
-----------------------------------------------

INSERT INTO NamedSeaCivilizations
		(NamedSeaType,						CivilizationType)
VALUES	("NAMED_SEA_CHILEAN_SEA",			"CIVILIZATION_CHILE"),
		("NAMED_SEA_BALTIC_SEA",			"CIVILIZATION_DENMARK"),
		("NAMED_SEA_NORTH_SEA",				"CIVILIZATION_DENMARK"),
		("NAMED_SEA_ORESUND",				"CIVILIZATION_DENMARK"),
		("NAMED_SEA_BALTIC_SEA",			"CIVILIZATION_FINLAND"),
		("NAMED_SEA_GULF_OF_BOTHNIA",		"CIVILIZATION_FINLAND"),
		("NAMED_SEA_GULF_OF_FINLAND",		"CIVILIZATION_FINLAND"),
		("NAMED_SEA_NORWEGIAN_SEA",			"CIVILIZATION_ICELAND"),
		("NAMED_SEA_BAKKAFLOI",				"CIVILIZATION_ICELAND"),
		("NAMED_SEA_FAXAFLOI",				"CIVILIZATION_ICELAND"),
		("NAMED_SEA_GRUNNAVIK",				"CIVILIZATION_ICELAND"),
		("NAMED_SEA_HERADSFLOI",			"CIVILIZATION_ICELAND"),
		("NAMED_SEA_HUNAFLOI",				"CIVILIZATION_ICELAND"),
		("NAMED_SEA_THISTILFJORTHUR",		"CIVILIZATION_ICELAND"),
		("NAMED_SEA_BREITHAFJORTHUR",		"CIVILIZATION_ICELAND"),
		("NAMED_SEA_ISAFJARTHARDJUP",		"CIVILIZATION_ICELAND"),
		("NAMED_SEA_SKAGAFJORTHUR",			"CIVILIZATION_ICELAND"),
		("NAMED_SEA_EYJAFJORTHUR",			"CIVILIZATION_ICELAND"),
		("NAMED_SEA_MOZAMBIQUE_CHANNEL",	"CIVILIZATION_MADAGASCAR"),
		("NAMED_SEA_VISAYAN_SEA",			"CIVILIZATION_PHILIPPINES"),
		("NAMED_SEA_CAMOTES_SEA",			"CIVILIZATION_PHILIPPINES"),
		("NAMED_SEA_SIBUYAN_SEA",			"CIVILIZATION_PHILIPPINES"),
		("NAMED_SEA_SAMAR_SEA",				"CIVILIZATION_PHILIPPINES"),
		("NAMED_SEA_MORO_GULF",				"CIVILIZATION_PHILIPPINES"),
		("NAMED_SEA_LEYTE_GULF",            "CIVILIZATION_PHILIPPINES"),
		("NAMED_SEA_LINGAYEN_GULF",			"CIVILIZATION_PHILIPPINES"),
		("NAMED_SEA_DAVAO_GULF",			"CIVILIZATION_PHILIPPINES"),
		("NAMED_SEA_PANAY_GULF",			"CIVILIZATION_PHILIPPINES"),
		("NAMED_SEA_LUZON_STRAIT",			"CIVILIZATION_PHILIPPINES"),
		("NAMED_SEA_SIBUTU_PASSAGE",		"CIVILIZATION_PHILIPPINES"),
		("NAMED_SEA_MANILA_BAY",			"CIVILIZATION_PHILIPPINES"),
		("NAMED_SEA_BUTUAN_BAY",			"CIVILIZATION_PHILIPPINES"),
		("NAMED_SEA_GULF_OF_THAILAND",		"CIVILIZATION_THAILAND"),
		("NAMED_SEA_ANDAMAN_SEA",			"CIVILIZATION_THAILAND"),
		("NAMED_SEA_KRUNG_THEP_BAY",		"CIVILIZATION_THAILAND"),
		("NAMED_SEA_PHANG_NGA_BAY",			"CIVILIZATION_THAILAND"),
		("NAMED_SEA_PRACHUAP_BAY",			"CIVILIZATION_THAILAND"),
		("NAMED_SEA_SATTAHIP_BAY",			"CIVILIZATION_THAILAND"),
		("NAMED_SEA_BANDON_BAY",			"CIVILIZATION_THAILAND"),
		("NAMED_SEA_MANAO_BAY",			    "CIVILIZATION_THAILAND");